Datensatz 1:Zeit(s),Datensatz 1:Force 1(N),Datensatz 1:Respiration Rate 1(bpm),Datensatz 1:Force 2(N),Datensatz 1:Respiration Rate 2(bpm)
0,8.4086456298828125,14.331210136413574,3.2007064819335938,0
0.25,9.7142486572265625,,4.0745162963867188,
0.5,11.783798217773438,,6.1542892456054688,
0.75,12.749588012695312,,8.1522979736328125,
1,12.547744750976562,,8.7220611572265625,
1.25,11.260025024414062,,7.1865081787109375,
1.5,9.8138961791992188,,5.001983642578125,
1.75,8.8302230834960938,,3.658050537109375,
2,8.145477294921875,,2.9937515258789062,
2.25,7.7622299194335938,,2.67437744140625,
2.5,7.4709625244140625,,2.3652191162109375,
2.75,7.2665557861328125,,2.2476882934570312,
3,7.16180419921875,,2.30645751953125,
3.25,7.1388092041015625,,2.3473358154296875,
3.5,7.1030426025390625,,2.250244140625,
3.75,7.3202133178710938,,2.2630233764648438,
4,8.0892715454101562,,2.7178115844726562,
4.25,8.8889846801757812,,3.4332122802734375,
4.5,9.51751708984375,,4.1588287353515625,
4.75,9.9007644653320312,,4.6928253173828125,
5,9.8675460815429688,,4.9815444946289062,
5.25,9.305450439453125,,4.6263961791992188,
5.5,8.5261764526367188,,3.7525863647460938,
5.75,7.9640731811523438,,3.0090789794921875,
6,7.611480712890625,,2.6232757568359375,
6.25,7.447967529296875,,2.5236282348632812,
6.5,7.335540771484375,,2.4853057861328125,
6.75,7.3840866088867188,,2.4342041015625,
7,7.9206390380859375,,2.6028366088867188,
7.25,8.367767333984375,,3.11639404296875,
7.5,8.127593994140625,,3.4638671875,
7.75,7.4505157470703125,,3.0295181274414062,
8,6.436187744140625,,2.2093658447265625,
8.25,5.7821044921875,,1.64471435546875,
8.5,5.8689727783203125,,1.0596160888671875,
8.75,6.196014404296875,,0.66103363037109375,
9,6.4106369018554688,,0.44641876220703125,
9.25,6.489837646484375,,0.2956695556640625,
9.5,6.5383834838867188,,0.17047882080078125,
9.75,6.5767059326171875,,0.08615875244140625,
10,6.57415771484375,20.270269393920898,0.03250885009765625,3.4090909957885742
10.25,6.5511627197265625,,-0.02881622314453125,
10.5,6.4566268920898438,,-0.09268951416015625,
10.75,6.4080810546875,,-0.0901336669921875,
11,6.252227783203125,,-0.05181121826171875,
11.25,5.937957763671875,,-0.003265380859375,
11.5,5.5572662353515625,,-0.0083770751953125,
11.75,5.1408004760742188,,0.01717376708984375,
12,4.724334716796875,,0.014617919921875,
12.25,4.4202880859375,,-0.07991790771484375,
12.5,4.1673431396484375,,-0.1540069580078125,
12.75,4.024261474609375,,0.0299530029296875,
13,3.9425048828125,,0.28034210205078125,
13.25,3.914398193359375,,0.23946380615234375,
13.5,3.8811874389648438,,0.042724609375,
13.75,3.8326416015625,,-0.1412353515625,
14,3.7074432373046875,,-0.19489288330078125,
14.25,3.5541458129882812,,0.04528045654296875,
14.5,3.4519424438476562,,0.494964599609375,
14.75,3.4391708374023438,,0.51540374755859375,
15,3.538818359375,,0.5077362060546875,
15.25,3.7202224731445312,,1.0698394775390625,
15.5,3.8454132080078125,,1.2282485961914062,
15.75,3.9169540405273438,,0.9114227294921875,
16,4.0012664794921875,,0.94208526611328125,
16.25,4.1392364501953125,,0.7938995361328125,
16.5,4.2516632080078125,,0.09638214111328125,
16.75,4.190338134765625,,-0.04669952392578125,
17,4.1009140014648438,,0.0120697021484375,
17.25,4.2848739624023438,,-0.43505859375,
17.5,4.8418655395507812,,-0.00582122802734375,
17.75,5.4678421020507812,,1.7290267944335938,
18,5.9302978515625,,5.589630126953125,
18.25,5.94818115234375,,7.613189697265625,
18.5,5.47039794921875,,5.8272476196289062,
18.75,5.1331329345703125,,7.025543212890625,
19,5.9124069213867188,,12.301612854003906,
19.25,7.869537353515625,,18.229213714599609,
19.5,10.838447570800781,,27.764472961425781,
19.75,14.223823547363281,,39.821517944335938,
20,18.452350616455078,3.1282587051391602,54.259822845458984,0
20.25,20.419700622558594,,65.141571044921875,
20.5,19.068103790283203,,66.758880615234375,
20.75,16.073642730712891,,58.327384948730469,
21,12.948875427246094,,41.612575531005859,
21.25,11.214035034179688,,25.973419189453125,
21.5,10.084724426269531,,16.844406127929688,
21.75,9.5660629272460938,,13.057891845703125,
22,9.4102020263671875,,10.735397338867188,
22.25,9.1930313110351562,,8.8702468872070312,
22.5,8.7510147094726562,,7.6336288452148438,
22.75,8.3524322509765625,,7.2478256225585938,
23,8.0202865600585938,,6.8645782470703125,
23.25,7.8823165893554688,,6.6167373657226562,
23.5,8.4239730834960938,,6.64739990234375,
23.75,9.5507278442382812,,7.7102813720703125,
24,10.838447570800781,,10.165634155273438,
24.25,11.924324035644531,,12.781951904296875,
24.5,12.752143859863281,,15.321624755859375,
24.75,12.478759765625,,15.715095520019531,
25,11.341781616210938,,13.479469299316406,
25.25,10.457756042480469,,10.697074890136719,
25.5,9.6989212036132812,,8.4103469848632812,
25.75,9.1700363159179688,,7.3755722045898438,
26,8.8762130737304688,,6.94122314453125,
26.25,8.8225555419921875,,6.8671340942382812,
26.5,8.9349746704101562,,6.9948806762695312,
26.75,9.047393798828125,,7.1660690307617188,
27,9.2287979125976562,,7.2529373168945312,
27.25,10.005516052246094,,8.2340545654296875,
27.5,11.308570861816406,,10.630645751953125,
27.75,12.305015563964844,,13.060447692871094,
28,12.976982116699219,,15.204093933105469,
28.25,13.319351196289062,,16.627227783203125,
28.5,13.247817993164062,,17.258316040039062,
28.75,12.596290588378906,,15.086563110351562,
29,11.285575866699219,,11.254066467285156,
29.25,9.4229812622070312,,9.3480377197265625,
29.5,7.539947509765625,,8.7118377685546875,
29.75,6.27777099609375,,8.4844436645507812,
30,5.240447998046875,6.5359477996826172,7.75115966796875,0
30.25,4.5327072143554688,,6.6269607543945312,
30.5,4.0472564697265625,,5.2600326538085938,
30.75,3.694671630859375,,4.7388153076171875,
31,3.2398757934570312,,4.818023681640625,
31.25,2.9179458618164062,,4.5650787353515625,
31.5,2.7033309936523438,,4.2329254150390625,
31.75,2.644561767578125,,3.8828887939453125,
32,2.4759368896484375,,3.7347030639648438,
32.25,2.4120559692382812,,3.7628021240234375,
32.5,2.7109909057617188,,3.5788421630859375,
32.75,2.7314376831054688,,3.7347030639648438,
33,2.4733810424804688,,3.9825363159179688,
33.25,2.3660659790039062,,4.0004196166992188,
33.5,2.4580459594726562,,4.2022628784179688,
33.75,2.6496734619140625,,4.337677001953125,
34,2.6879959106445312,,4.5625228881835938,
34.25,2.6292343139648438,,4.8001327514648438,
34.5,2.6701126098632812,,4.6774978637695312,
34.75,2.93072509765625,,4.36578369140625,
35,3.2603225708007812,,4.2533645629882812,
35.25,3.492828369140625,,4.2252578735351562,
35.5,3.3676300048828125,,4.2763595581054688,
35.75,2.9639358520507812,,4.2533645629882812,
36,2.8617401123046875,,4.0872879028320312,
36.25,2.9920425415039062,,3.9723129272460938,
36.5,2.8617401123046875,,3.877777099609375,
36.75,2.8924026489257812,,4.1332778930664062,
37,3.3931808471679688,,4.7771377563476562,
37.25,3.252655029296875,,5.185943603515625,
37.5,2.2562026977539062,,5.0735244750976562,
37.75,1.27508544921875,,4.7771377563476562,
38,1.29296875,,4.3555679321289062,
38.25,1.671112060546875,,3.6963729858398438,
38.5,2.2638702392578125,,3.59417724609375,
38.75,2.9562759399414062,,4.0949554443359375,
39,3.4442825317382812,,3.8650054931640625,
39.25,4.6272430419921875,,3.1930389404296875,
39.5,5.6339111328125,,2.9528732299804688,
39.75,5.35797119140625,,3.4306564331054688,
40,4.8929672241210938,14.778325080871582,3.8905563354492188,0
40.25,4.926177978515625,,3.785797119140625,
40.5,4.8265380859375,,3.7168121337890625,
40.75,5.0130462646484375,,3.714263916015625,
41,6.0733718872070312,,4.22015380859375,
41.25,7.2333450317382812,,6.5707473754882812,
41.5,9.0831680297851562,,13.806510925292969,
41.75,11.638160705566406,,26.535518646240234,
42,15.340362548828125,,44.72967529296875,
42.25,19.231624603271484,,61.160881042480469,
42.5,21.375267028808594,,73.217926025390625,
42.75,20.741630554199219,,77.484771728515625,
43,19.719627380371094,,78.741836547851562,
43.25,19.390033721923828,,79.582427978515625,
43.5,19.060440063476562,,80.612091064453125,
43.75,18.161079406738281,,79.349922180175781,
44,14.395011901855469,,65.744544982910156,
44.25,10.787345886230469,,44.088367462158203,
44.5,10.100051879882812,,25.646381378173828,
44.75,10.330001831054688,,16.192878723144531,
45,10.414321899414062,,10.226959228515625,
45.25,9.8496627807617188,,7.5288772583007812,
45.5,8.8404388427734375,,6.8799057006835938,
45.75,8.5159530639648438,,6.6499557495117188,
46,8.605377197265625,,6.5349807739257812,
46.25,8.8429946899414062,,6.7138290405273438,
46.5,9.0141830444335938,,7.2069473266601562,
46.75,9.0371780395507812,,7.6668472290039062,
47,9.0269546508789062,,7.4956588745117188,
47.25,9.1138229370117188,,7.3602447509765625,
47.5,9.0857162475585938,,7.6285171508789062,
47.75,9.0065155029296875,,7.6106338500976562,
48,8.7663421630859375,,7.1660690307617188,
48.25,8.5287322998046875,,6.6371841430664062,
48.5,8.6590347290039062,,6.3867874145507812,
48.75,8.8123321533203125,,6.619293212890625,
49,9.2083587646484375,,7.2861480712890625,
49.25,9.765350341796875,,7.853363037109375,
49.5,10.143486022949219,,8.39501953125,
49.75,10.258460998535156,,8.9801177978515625,
50,9.8087844848632812,8.0789947509765625,8.5406570434570312,2.5884382724761963
50.25,9.3514404296875,,7.7077255249023438,
50.5,9.0397262573242188,,7.0204315185546875,
50.75,8.7791213989257812,,6.2232742309570312,
51,8.6258163452148438,,5.8400192260742188,
51.25,8.5057373046875,,5.9831008911132812,
51.5,8.8251113891601562,,6.3510208129882812,
51.75,10.255912780761719,,7.6949539184570312,
52,12.614173889160156,,10.852928161621094,
52.25,13.907005310058594,,13.584228515625,
52.5,13.357681274414062,,13.543342590332031,
52.75,11.937095642089844,,11.174858093261719,
53,10.710700988769531,,8.7987136840820312,
53.25,10.043846130371094,,7.7000579833984375,
53.5,9.7142486572265625,,7.3857955932617188,
53.75,9.5507278442382812,,7.2503814697265625,
54,9.3897628784179688,,7.0868606567382812,
54.25,9.3182220458984375,,7.117523193359375,
54.5,9.25946044921875,,7.19927978515625,
54.75,9.2006912231445312,,7.227386474609375,
55,9.1368179321289062,,7.0868606567382812,
55.25,9.0550613403320312,,6.9182281494140625,
55.5,8.9886322021484375,,6.987213134765625,
55.75,8.9349746704101562,,7.1302947998046875,
56,8.9145355224609375,,7.1277389526367188,
56.25,9.011627197265625,,6.9718856811523438,
56.5,9.8292236328125,,7.181396484375,
56.75,10.800125122070312,,7.8278121948242188,
57,11.857894897460938,,9.4042434692382812,
57.25,13.258033752441406,,12.391036987304688,
57.5,14.727157592773438,,15.250083923339844,
57.75,15.27392578125,,17.064132690429688,
58,14.584075927734375,,16.576133728027344,
58.25,13.549301147460938,,14.578117370605469,
58.5,12.642280578613281,,12.541786193847656,
58.75,11.90899658203125,,10.359817504882812,
59,10.777130126953125,,8.366912841796875,
59.25,9.7193603515625,,6.9361190795898438,
59.5,9.5226211547851562,,7.0996322631835938,
59.75,9.9927444458007812,,8.331146240234375,
60,11.070953369140625,7.8947367668151855,10.714958190917969,0
60.25,12.545188903808594,,15.579681396484375,
60.5,13.007644653320312,,17.807640075683594,
60.75,12.5528564453125,,16.323188781738281,
61,12.243698120117188,,13.990470886230469,
61.25,12.062294006347656,,11.910697937011719,
61.5,11.903884887695312,,10.921913146972656,
61.75,11.699485778808594,,10.234619140625,
62,11.569175720214844,,9.8641433715820312,
62.25,11.390327453613281,,9.3046035766601562,
62.5,10.856330871582031,,8.441009521484375,
62.75,10.5650634765625,,7.7562713623046875,
63,10.685150146484375,,7.9146804809570312,
63.25,10.784797668457031,,8.073089599609375,
63.5,10.787345886230469,,8.037322998046875,
63.75,10.613609313964844,,7.7332763671875,
64,10.493522644042969,,7.5620880126953125,
64.25,10.603385925292969,,7.7383880615234375,
64.5,11.290687561035156,,8.515106201171875,
64.75,12.38677978515625,,10.428802490234375,
65,13.367897033691406,,12.342498779296875,
65.25,13.912117004394531,,13.990470886230469,
65.5,13.503311157226562,,14.120773315429688,
65.75,12.440437316894531,,11.979682922363281,
66,11.336677551269531,,9.3199310302734375,
66.25,10.692817687988281,,7.6540679931640625,
66.5,10.519073486328125,,7.3398056030273438,
66.75,10.506301879882812,,7.3423614501953125,
67,10.467971801757812,,7.2682647705078125,
67.25,10.378547668457031,,7.0485382080078125,
67.5,10.8231201171875,,7.4215621948242188,
67.75,12.151718139648438,,9.1564102172851562,
68,13.730712890625,,11.440582275390625,
68.25,14.637733459472656,,13.5101318359375,
68.5,15.342910766601562,,15.232200622558594,
68.75,15.156402587890625,,16.121337890625,
69,13.707717895507812,,14.284294128417969,
69.25,12.108283996582031,,10.472236633300781,
69.5,10.945762634277344,,7.9759979248046875,
69.75,10.544624328613281,,7.08941650390625,
70,10.411766052246094,9.2095165252685547,6.9769973754882812,0
70.25,10.383659362792969,,7.0076522827148438,
70.5,10.28912353515625,,6.8543548583984375,
70.75,10.250801086425781,,6.7751541137695312,
71,10.350440979003906,,6.9386672973632812,
71.25,10.909988403320312,,7.7767105102539062,
71.5,12.236030578613281,,9.7312850952148438,
71.75,13.283584594726562,,12.738517761230469,
72,13.682167053222656,,16.967048645019531,
72.25,13.769035339355469,,22.023391723632812,
72.5,14.287696838378906,,23.466964721679688,
72.75,14.0986328125,,20.950290679931641,
73,13.268257141113281,,18.408065795898438,
73.25,12.82879638671875,,17.375846862792969,
73.5,12.218147277832031,,16.456047058105469,
73.75,11.54107666015625,,14.419708251953125,
74,10.751579284667969,,11.397148132324219,
74.25,9.9390869140625,,8.5840911865234375,
74.5,9.029510498046875,,7.5518722534179688,
74.75,8.3268814086914062,,6.9565582275390625,
75,7.78778076171875,,6.4225616455078125,
75.25,7.575714111328125,,6.1440658569335938,
75.5,7.4351882934570312,,6.1031875610351562,
75.75,7.723907470703125,,6.5886383056640625,
76,9.0320663452148438,,8.9111328125,
76.25,11.083732604980469,,14.151435852050781,
76.5,12.11083984375,,16.775421142578125,
76.75,11.607505798339844,,15.474922180175781,
77,11.385215759277344,,14.406936645507812,
77.25,11.0811767578125,,12.930145263671875,
77.5,10.39898681640625,,11.721633911132812,
77.75,9.8420028686523438,,10.944908142089844,
78,8.5772781372070312,,10.303604125976562,
78.25,7.005950927734375,,9.6163101196289062,
78.5,6.252227783203125,,8.41290283203125,
78.75,6.3953018188476562,,7.3857955932617188,
79,6.4464035034179688,,6.3203582763671875,
79.25,6.2368927001953125,,5.7684783935546875,
79.5,6.7325668334960938,,7.319366455078125,
79.75,7.8133316040039062,,8.9801177978515625,
80,9.3897628784179688,7.438016414642334,10.49267578125,12.820512771606445
80.25,10.47308349609375,,12.986358642578125,
80.5,9.8701019287109375,,12.408927917480469,
80.75,8.9043121337890625,,9.7951583862304688,
81,8.5057373046875,,8.7527236938476562,
81.25,8.2604522705078125,,8.78082275390625,
81.5,8.3345489501953125,,8.7118377685546875,
81.75,8.2578964233398438,,9.1257476806640625,
82,8.3268814086914062,,9.7440567016601562,
82.25,9.9799728393554688,,12.104881286621094,
82.5,12.006080627441406,,18.666118621826172,
82.75,10.800125122070312,,20.485279083251953,
83,8.5542831420898438,,14.938377380371094,
83.25,8.7586822509765625,,11.330718994140625,
83.5,8.9988479614257812,,10.970458984375,
83.75,8.431640625,,11.02667236328125,
84,7.89764404296875,,10.490119934082031,
84.25,7.5322799682617188,,10.025108337402344,
84.5,7.218017578125,,9.9740142822265625,
84.75,9.9263153076171875,,13.584228515625,
85,13.774147033691406,,19.345748901367188,
85.25,12.7725830078125,,17.595573425292969,
85.5,10.452644348144531,,11.657752990722656,
85.75,10.294235229492188,,9.6495285034179688,
86,10.414321899414062,,12.833053588867188,
86.25,9.1879196166992188,,17.613460540771484,
86.5,7.4121932983398438,,16.650222778320312,
86.75,7.1004867553710938,,11.545333862304688,
87,6.811767578125,,8.4435653686523438,
87.25,6.20623779296875,,6.6448440551757812,
87.5,6.4285202026367188,,5.8808975219726562,
87.75,6.7989959716796875,,5.8579025268554688,
88,6.8603134155273438,,5.1067352294921875,
88.25,6.7070159912109375,,4.2814712524414062,
88.5,6.4515151977539062,,3.9033279418945312,
88.75,6.2547760009765625,,3.76025390625,
89,6.1883468627929688,,3.9927520751953125,
89.25,6.3953018188476562,,4.6723861694335938,
89.5,6.967620849609375,,5.9447784423828125,
89.75,7.3764266967773438,,7.0408706665039062,
90,7.1669158935546875,10.922329902648926,6.4608840942382812,16.241298675537109
90.25,6.730010986328125,,5.3392410278320312,
90.5,6.3109893798828125,,4.8512344360351562,
90.75,5.8945236206054688,,4.347900390625,
91,5.5572662353515625,,4.025970458984375,
91.25,5.3809661865234375,,3.8956680297851562,
91.5,5.2276687622070312,,3.6631622314453125,
91.75,5.128021240234375,,3.3846664428710938,
92,5.1305770874023438,,3.2799072265625,
92.25,5.4397354125976562,,3.6197280883789062,
92.5,6.2087860107421875,,4.8614578247070312,
92.75,7.1388092041015625,,8.1420745849609375,
93,7.5808258056640625,,10.490119934082031,
93.25,7.317657470703125,,10.040443420410156,
93.5,6.8143234252929688,,8.3796920776367188,
93.75,6.2368927001953125,,5.8604583740234375,
94,5.79998779296875,,4.0975112915039062,
94.25,5.6926803588867188,,3.4792022705078125,
94.5,5.9277420043945312,,3.8445663452148438,
94.75,6.344207763671875,,5.5768585205078125,
95,6.7964401245117188,,8.037322998046875,
95.25,6.8781967163085938,,9.3633651733398438,
95.5,6.5690460205078125,,7.9734420776367188,
95.75,6.5383834838867188,,6.57330322265625,
96,6.691680908203125,,6.27947998046875,
96.25,6.6993484497070312,,6.1210708618164062,
96.5,7.3304367065429688,,7.8456954956054688,
96.75,8.0969314575195312,,11.208076477050781,
97,8.5466156005859375,,14.092666625976562,
97.25,8.679473876953125,,15.117225646972656,
97.5,8.283447265625,,13.451362609863281,
97.75,7.8209915161132812,,11.5606689453125,
98,7.3202133178710938,,10.048103332519531,
98.25,6.8526458740234375,,8.182952880859375,
98.5,6.5256118774414062,,6.8160324096679688,
98.75,6.3263168334960938,,5.6049575805664062,
99,6.05804443359375,,5.0479736328125,
99.25,5.7105636596679688,,4.9432144165039062,
99.5,5.5495986938476562,,5.1169586181640625,
99.75,5.6492462158203125,,5.8425750732421875,
100,5.8766403198242188,19.169328689575195,7.209503173828125,12.126111030578613
100.25,6.5026168823242188,,9.0363235473632812,
100.5,7.0825958251953125,,9.4374618530273438,
100.75,7.2614517211914062,,8.6607437133789062,
101,7.2026824951171875,,8.0858688354492188,
101.25,6.7734451293945312,,7.2222747802734375,
101.5,6.2087860107421875,,7.1047439575195312,
101.75,8.5338363647460938,,13.108993530273438,
102,12.256477355957031,,21.259445190429688,
102.25,12.588623046875,,21.042270660400391,
102.5,11.272796630859375,,14.856613159179688,
102.75,9.9876327514648438,,10.275497436523438,
103,9.9033203125,,10.234619140625,
103.25,11.104171752929688,,14.046676635742188,
103.5,12.642280578613281,,18.658454895019531,
103.75,13.480316162109375,,20.6104736328125,
104,12.399551391601562,,20.947734832763672,
104.25,8.9043121337890625,,18.275203704833984,
104.5,5.9430694580078125,,12.311836242675781,
104.75,5.8332061767578125,,8.900909423828125,
105,5.6645736694335938,,8.3745803833007812,
105.25,5.2915420532226562,,8.543212890625,
105.5,6.1193618774414062,,9.1794052124023438,
105.75,8.6641464233398438,,12.38848876953125,
106,11.57684326171875,,18.492382049560547,
106.25,10.820564270019531,,19.30487060546875,
106.5,8.54150390625,,14.9818115234375,
106.75,8.569610595703125,,13.328727722167969,
107,8.1250381469726562,,12.102325439453125,
107.25,6.94207763671875,,10.06854248046875,
107.5,6.8271026611328125,,8.9801177978515625,
107.75,6.8322067260742188,,8.1906204223632812,
108,7.3125457763671875,,8.5202178955078125,
108.25,8.9937362670898438,,11.292388916015625,
108.5,9.7730178833007812,,14.118217468261719,
108.75,8.8199996948242188,,13.430923461914062,
109,8.1429214477539062,,11.473793029785156,
109.25,8.0969314575195312,,11.162086486816406,
109.5,7.3074417114257812,,10.904029846191406,
109.75,6.4285202026367188,,9.3940277099609375,
110,6.655914306640625,10.645848274230957,8.791046142578125,16.997167587280273
110.25,7.3432083129882812,,10.98834228515625,
110.5,8.33966064453125,,16.571022033691406,
110.75,8.5082931518554688,,19.005935668945312,
111,9.4689712524414062,,18.096355438232422,
111.25,10.434761047363281,,20.181236267089844,
111.5,12.578407287597656,,27.483425140380859,
111.75,12.473648071289062,,27.411884307861328,
112,8.4188613891601562,,17.099906921386719,
112.25,6.967620849609375,,11.208076477050781,
112.5,7.1234817504882812,,10.017448425292969,
112.75,9.9007644653320312,,14.330284118652344,
113,10.245689392089844,,19.253768920898438,
113.25,11.390327453613281,,23.712245941162109,
113.5,13.725601196289062,,25.615718841552734,
113.75,12.453208923339844,,20.812320709228516,
114,10.856330871582031,,15.36761474609375,
114.25,9.9339828491210938,,12.104881286621094,
114.5,10.220138549804688,,10.36492919921875,
114.75,8.9809646606445312,,8.9264602661132812,
115,8.9170913696289062,,8.1088638305664062,
115.25,9.6682586669921875,,8.0296554565429688,
115.5,9.2109146118164062,,8.1088638305664062,
115.75,9.801116943359375,,9.8641433715820312,
116,10.685150146484375,,12.125320434570312,
116.25,10.562507629394531,,11.507011413574219,
116.5,9.6784820556640625,,9.4962234497070312,
116.75,8.1786956787109375,,7.4598922729492188,
117,6.599700927734375,,6.0444183349609375,
117.25,5.7744369506835938,,5.2421493530273438,
117.5,6.323760986328125,,5.1629486083984375,
117.75,8.329437255859375,,6.3024749755859375,
118,10.273796081542969,,8.2826004028320312,
118.25,10.161376953125,,9.77471923828125,
118.5,8.2170181274414062,,8.7195053100585938,
118.75,6.5945968627929688,,6.4711074829101562,
119,5.6671295166015625,,5.2242660522460938,
119.25,5.202117919921875,,4.2482528686523438,
119.5,5.39630126953125,,4.0566329956054688,
119.75,6.44384765625,,5.7250442504882812,
120,8.237457275390625,20.979021072387695,11.361373901367188,21.238937377929688
120.25,9.3616561889648438,,18.188335418701172,
120.5,9.27734375,,17.314525604248047,
120.75,8.7561264038085938,,11.642425537109375,
121,8.2451248168945312,,8.624969482421875,
121.25,7.5782699584960938,,7.2580490112304688,
121.5,9.11126708984375,,9.1640777587890625,
121.75,11.615165710449219,,15.469818115234375,
122,12.338233947753906,,19.077476501464844,
122.25,12.343345642089844,,18.581806182861328,
122.5,12.179824829101562,,15.904167175292969,
122.75,11.648384094238281,,12.245407104492188,
123,11.091392517089844,,10.027664184570312,
123.25,10.276351928710938,,8.5023269653320312,
123.5,8.9937362670898438,,7.1072998046875,
123.75,8.2451248168945312,,6.0163192749023438,
124,7.7979965209960938,,5.663726806640625,
124.25,7.5424957275390625,,5.3545684814453125,
124.5,7.3968658447265625,,5.093963623046875,
124.75,7.2665557861328125,,4.9432144165039062,
125,7.1439208984375,,4.726043701171875,
125.25,6.9011917114257812,,4.0566329956054688,
125.5,6.9548492431640625,,3.66827392578125,
125.75,8.2476806640625,,4.5829620361328125,
126,10.199699401855469,,6.2028274536132812,
126.25,11.3009033203125,,7.9657821655273438,
126.5,11.354560852050781,,8.4307937622070312,
126.75,10.526741027832031,,7.1839523315429688,
127,9.1266021728515625,,5.7787017822265625,
127.25,7.8082199096679688,,5.093963623046875,
127.5,6.8730926513671875,,4.7924728393554688,
127.75,6.3748626708984375,,4.2303695678710938,
128,6.2113418579101562,,3.9109954833984375,
128.25,7.0033950805664062,,3.9569854736328125,
128.5,8.7637863159179688,,4.3913345336914062,
128.75,10.273796081542969,,5.98565673828125,
129,11.515525817871094,,8.147186279296875,
129.25,12.052070617675781,,9.4144668579101562,
129.5,11.316230773925781,,8.1267471313476562,
129.75,9.5277328491210938,,5.9243392944335938,
130,7.7852249145507812,18.83830451965332,4.9253311157226562,18.054162979125977
130.25,7.0008392333984375,,4.3836669921875,
130.5,6.5869293212890625,,4.2227020263671875,
130.75,6.39019775390625,,4.2124862670898438,
131,6.24200439453125,,4.0540771484375,
131.25,6.1500244140625,,3.9263229370117188,
131.5,6.121917724609375,,4.0055313110351562,
131.75,6.3314285278320312,,4.1051788330078125,
132,7.0493850708007812,,4.2303695678710938,
132.25,7.869537353515625,,4.864013671875,
132.5,8.6769180297851562,,5.9319992065429688,
132.75,8.9962921142578125,,6.70361328125,
133,8.5006256103515625,,6.3229141235351562,
133.25,7.6881332397460938,,5.111846923828125,
133.5,7.0212783813476562,,4.4475479125976562,
133.75,6.673797607421875,,4.358123779296875,
134,6.4566268920898438,,4.3811187744140625,
134.25,6.305877685546875,,4.1843795776367188,
134.5,6.1755752563476562,,3.9467620849609375,
134.75,6.2215652465820312,,3.92376708984375,
135,6.9190826416015625,,4.1383895874023438,
135.25,8.1761398315429688,,4.7107086181640625,
135.5,9.3565521240234375,,5.5819625854492188,
135.75,9.92120361328125,,6.7138290405273438,
136,9.6248245239257812,,6.9207839965820312,
136.25,8.5031814575195312,,5.8681259155273438,
136.5,7.3202133178710938,,4.8103561401367188,
136.75,6.7070159912109375,,4.29168701171875,
137,6.3927459716796875,,4.1332778930664062,
137.25,6.2828826904296875,,4.0004196166992188,
137.5,6.2343368530273438,,3.8036880493164062,
137.75,6.7453384399414062,,3.7474746704101562,
138,8.2323532104492188,,4.25592041015625,
138.25,9.6427078247070312,,5.43377685546875,
138.5,10.539512634277344,,6.509429931640625,
138.75,10.529296875,,7.0357589721679688,
139,9.5762786865234375,,6.5452041625976562,
139.25,8.3447723388671875,,5.461883544921875,
139.5,7.3687591552734375,,4.705596923828125,
139.75,6.7708892822265625,,4.128173828125,
140,6.4745101928710938,15.578635215759277,3.916107177734375,17.274471282958984
140.25,6.2547760009765625,,3.9084396362304688,
140.5,6.09381103515625,,3.8854446411132812,
140.75,6.1346969604492188,,3.70404052734375,
141,6.8475418090820312,,3.7985763549804688,
141.25,8.2144622802734375,,4.6212844848632812,
141.5,9.3028945922851562,,5.6943893432617188,
141.75,10.227806091308594,,6.8134765625,
142,10.47308349609375,,7.227386474609375,
142.25,9.581390380859375,,6.5298690795898438,
142.5,8.173583984375,,5.50787353515625,
142.75,6.9599609375,,4.73370361328125,
143,6.3697509765625,,4.1409454345703125,
143.25,6.0452728271484375,,3.73980712890625,
143.5,5.9226303100585938,,3.6733779907226562,
143.75,6.1934585571289062,,3.7014846801757812,
144,7.2001266479492188,,4.0208587646484375,
144.25,8.7944488525390625,,5.055633544921875,
144.5,10.153709411621094,,6.53753662109375,
144.75,10.715812683105469,,7.797149658203125,
145,10.06939697265625,,7.5467605590820312,
145.25,8.6871414184570312,,6.1185150146484375,
145.5,7.4428558349609375,,5.0530776977539062,
145.75,6.5792617797851562,,4.4168853759765625,
146,6.1525802612304688,,3.9544296264648438,
146.25,5.8791961669921875,,3.4536514282226562,
146.5,5.884307861328125,,3.2696914672851562,
146.75,6.765777587890625,,3.8292388916015625,
147,8.3243331909179688,,5.0581893920898438,
147.25,9.8547744750976562,,6.5937423706054688,
147.5,10.271240234375,,7.4266738891601562,
147.75,9.5047378540039062,,6.9463348388671875,
148,8.367767333984375,,5.8400192260742188,
148.25,7.2767791748046875,,4.8307952880859375,
148.5,6.6124801635742188,,4.3632278442382812,
148.75,6.1474685668945312,,4.2354812622070312,
149,5.8536453247070312,,3.9263229370117188,
149.25,5.7514419555664062,,3.474090576171875,
149.5,6.2394485473632812,,3.62994384765625,
149.75,7.4709625244140625,,4.7541427612304688,
150,8.5772781372070312,17.712177276611328,6.1491775512695312,35.294116973876953
150.25,9.3207778930664062,,7.9530029296875,
150.5,8.8123321533203125,,7.5007705688476562,
150.75,7.5527191162109375,,4.6212844848632812,
151,6.8194351196289062,,3.1087265014648438,
151.25,6.3109893798828125,,2.6871490478515625,
151.5,6.0324935913085938,,2.56451416015625,
151.75,6.4336318969726562,,3.4689788818359375,
152,7.9231948852539062,,6.02142333984375,
152.25,9.81134033203125,,9.7057342529296875,
152.5,9.9876327514648438,,10.932136535644531,
152.75,8.5849380493164062,,8.6735153198242188,
153,7.3048858642578125,,6.1031875610351562,
153.25,6.3672027587890625,,4.6800537109375,
153.5,5.8715286254882812,,3.9825363159179688,
153.75,5.7054519653320312,,3.399993896484375,
154,6.1270294189453125,,3.5967330932617188,
154.25,7.4888458251953125,,5.423553466796875,
154.5,8.8378829956054688,,7.7537155151367188,
154.75,9.4587478637695312,,9.2535018920898438,
155,9.0346221923828125,,8.74505615234375,
155.25,7.91552734375,,6.8620223999023438,
155.5,6.9906158447265625,,5.5232009887695312,
155.75,6.397857666015625,,4.726043701171875,
156,6.16790771484375,,4.4194412231445312,
156.25,6.3033218383789062,,4.5625228881835938,
156.5,7.2537841796875,,5.1348419189453125,
156.75,8.8097763061523438,,6.4608840942382812,
157,9.8828811645507812,,8.147186279296875,
157.25,9.8292236328125,,8.791046142578125,
157.5,8.8404388427734375,,7.6157455444335938,
157.75,7.593597412109375,,6.013763427734375,
158,6.6942367553710938,,5.2753677368164062,
158.25,6.2113418579101562,,4.9381027221679688,
158.5,5.9865036010742188,,4.567626953125,
158.75,5.87408447265625,,4.174163818359375,
159,6.305877685546875,,4.3632278442382812,
159.25,7.539947509765625,,5.4491043090820312,
159.5,8.8199996948242188,,6.933563232421875,
159.75,9.6886978149414062,,8.2238388061523438,
160,9.425537109375,22.140222549438477,8.2085037231445312,22.537563323974609
160.25,8.2527923583984375,,7.061309814453125,
160.5,7.16180419921875,,6.0418624877929688,
160.75,6.4004135131835938,,5.3264694213867188,
161,6.0529327392578125,,4.8103561401367188,
161.25,5.8332061767578125,,4.5318603515625,
161.5,5.7207870483398438,,4.4347686767578125,
161.75,5.9226303100585938,,4.4807586669921875,
162,6.6789093017578125,,4.9304428100585938,
162.25,7.93341064453125,,6.2488174438476562,
162.5,9.0831680297851562,,8.0782012939453125,
162.75,9.6094970703125,,9.5013351440429688,
163,8.9043121337890625,,8.734832763671875,
163.25,7.5092849731445312,,6.665283203125,
163.5,6.5843734741210938,,5.5308685302734375,
163.75,6.0529327392578125,,4.9329986572265625,
164,5.7769927978515625,,4.4986419677734375,
164.25,5.6288070678710938,,4.1332778930664062,
164.5,5.884307861328125,,4.3530120849609375,
164.75,6.9088592529296875,,5.7020492553710938,
165,8.11737060546875,,7.4598922729492188,
165.25,8.8838729858398438,,8.3745803833007812,
165.5,8.5389480590820312,,6.9642181396484375,
165.75,7.5169525146484375,,5.0786285400390625,
166,6.7964401245117188,,4.3964462280273438,
166.25,6.2982177734375,,3.7628021240234375,
166.5,6.0324935913085938,,3.4664230346679688,
166.75,5.8996353149414062,,3.3233489990234375,
167,5.8587570190429688,,3.2109222412109375,
167.25,6.2828826904296875,,3.4485397338867188,
167.5,7.23590087890625,,4.2354812622070312,
167.75,8.3652114868164062,,5.5691909790039062,
168,8.9324188232421875,,6.7751541137695312,
168.25,8.5006256103515625,,6.7725982666015625,
168.5,7.45562744140625,,5.5283126831054688,
168.75,6.5945968627929688,,4.4833145141601562,
169,6.213897705078125,,4.100067138671875,
169.25,5.9916152954101562,,3.8164596557617188,
169.5,5.8229827880859375,,3.4817581176757812,
169.75,5.7105636596679688,,3.2109222412109375,
170,5.9354019165039062,23.006135940551758,3.3335647583007812,22.935779571533203
170.25,6.988067626953125,,4.0285263061523438,
170.5,8.367767333984375,,5.1092910766601562,
170.75,9.4842987060546875,,6.3331375122070312,
171,9.6938095092773438,,7.0766372680664062,
171.25,8.8481063842773438,,6.6678390502929688,
171.5,7.7366790771484375,,5.5206451416015625,
171.75,6.8322067260742188,,4.4552078247070312,
172,6.3288726806640625,,3.88800048828125,
172.25,6.0197219848632812,,3.6197280883789062,
172.5,5.8408660888671875,,3.4689788818359375,
172.75,5.771881103515625,,3.2850189208984375,
173,6.1500244140625,,3.3029022216796875,
173.25,7.3227691650390625,,4.0208587646484375,
173.5,8.5363922119140625,,5.1808319091796875,
173.75,9.3361129760742188,,6.4506683349609375,
174,9.1700363159179688,,6.6780624389648438,
174.25,8.0969314575195312,,5.773590087890625,
174.5,7.1055908203125,,4.9074478149414062,
174.75,6.4285202026367188,,4.3453445434570312,
175,6.0350494384765625,,3.8752288818359375,
175.25,5.7386703491210938,,3.3897781372070312,
175.5,5.6058120727539062,,3.1828231811523438,
175.75,5.9992828369140625,,3.382110595703125,
176,6.9829559326171875,,4.0183029174804688,
176.25,8.1710281372070312,,5.0454177856445312,
176.5,9.0601730346679688,,6.2615966796875,
176.75,9.2824554443359375,,7.1737289428710938,
177,8.5210647583007812,,6.6908340454101562,
177.25,7.3483200073242188,,5.2753677368164062,
177.5,6.5409393310546875,,4.3555679321289062,
177.75,6.0146102905273438,,3.8726730346679688,
178,5.76422119140625,,3.566070556640625,
178.25,5.6569061279296875,,3.2313690185546875,
178.5,5.828094482421875,,3.2032623291015625,
178.75,6.620147705078125,,3.8292388916015625,
179,7.6446990966796875,,4.8026885986328125,
179.25,8.5926055908203125,,5.9268875122070312,
179.5,8.8762130737304688,,6.5605316162109375,
179.75,8.2604522705078125,,6.2820358276367188,
180,7.3227691650390625,22.602739334106445,5.3903427124023438,20.408163070678711
180.25,6.57415771484375,,4.4705429077148438,
180.5,6.13214111328125,,3.7525863647460938,
180.75,5.9992828369140625,,3.2799072265625,
181,6.0248260498046875,,3.0371856689453125,
181.25,6.287994384765625,,3.530303955078125,
181.5,7.0161666870117188,,5.1629486083984375,
181.75,7.7979965209960938,,7.1609573364257812,
182,7.9027557373046875,,7.8354721069335938,
182.25,7.299774169921875,,6.7981491088867188,
182.5,6.6354751586914062,,5.3826751708984375,
182.75,6.0708160400390625,,4.29168701171875,
183,5.7284469604492188,,3.7065963745117188,
183.25,5.5547103881835938,,3.3335647583007812,
183.5,5.4984970092773438,,3.1087265014648438,
183.75,5.8050994873046875,,3.601837158203125,
184,6.4515151977539062,,4.91766357421875,
184.25,7.1950225830078125,,6.5145416259765625,
184.5,7.74945068359375,,7.8303680419921875,
184.75,7.7366790771484375,,7.761383056640625,
185,7.1566925048828125,,6.2871475219726562,
185.25,6.5562667846679688,,5.037750244140625,
185.5,6.1704635620117188,,4.3249053955078125,
185.75,5.83831787109375,,3.4434280395507812,
186,5.6211395263671875,,2.8251190185546875,
186.25,5.7386703491210938,,2.9477615356445312,
186.5,6.4285202026367188,,3.6657180786132812,
186.75,7.3866424560546875,,5.0760726928710938,
187,7.9283065795898438,,6.7981491088867188,
187.25,7.7085723876953125,,7.5927505493164062,
187.5,7.16180419921875,,7.3602447509765625,
187.75,6.7095718383789062,,6.803253173828125,
188,6.1704635620117188,,5.4158935546875,
188.25,5.7897720336914062,,3.7934646606445312,
188.5,5.7667770385742188,,3.4229888916015625,
188.75,5.9047470092773438,,3.7014846801757812,
189,6.64569091796875,,4.2967987060546875,
189.25,8.2349014282226562,,5.9090042114257812,
189.5,9.5021820068359375,,7.9095687866210938,
189.75,9.581390380859375,,8.9545669555664062,
190,8.6258163452148438,22.282241821289062,7.3960189819335938,22.222221374511719
190.25,7.483734130859375,,4.8282394409179688,
190.5,6.7708892822265625,,3.6657180786132812,
190.75,6.4004135131835938,,3.4229888916015625,
191,6.22412109375,,3.4817581176757812,
191.25,6.09381103515625,,3.5328521728515625,
191.5,6.16790771484375,,3.8343429565429688,
191.75,6.60992431640625,,4.634063720703125,
192,7.1796875,,5.423553466796875,
192.25,7.3151016235351562,,6.0725250244140625,
192.5,6.8730926513671875,,5.9831008911132812,
192.75,6.3109893798828125,,5.083740234375,
193,5.9277420043945312,,4.29168701171875,
193.25,5.6134719848632812,,3.70404052734375,
193.5,5.4729461669921875,,3.4229888916015625,
193.75,5.7156753540039062,,3.5890655517578125,
194,6.5486068725585938,,4.2891387939453125,
194.25,7.9180831909179688,,5.5410842895507812,
194.5,8.8838729858398438,,6.9897689819335938,
194.75,8.9962921142578125,,7.9555587768554688,
195,8.311553955078125,,7.30914306640625,
195.25,7.2231216430664062,,5.7991409301757812,
195.5,6.4336318969726562,,4.9125595092773438,
195.75,5.9405136108398438,,4.3453445434570312,
196,5.6824569702148438,,3.916107177734375,
196.25,5.5214920043945312,,3.5149688720703125,
196.5,5.6032562255859375,,3.55584716796875,
196.75,6.2956619262695312,,4.3887786865234375,
197,7.2691116333007812,,5.5870742797851562,
197.25,8.0560531616210938,,6.6985015869140625,
197.5,8.063720703125,,7.0561981201171875,
197.75,7.30999755859375,,6.3637924194335938,
198,6.5588226318359375,,5.3647918701171875,
198.25,6.0094985961914062,,4.5369720458984375,
198.5,5.6747970581054688,,4.0336380004882812,
198.75,5.4755020141601562,,3.8036880493164062,
199,5.403961181640625,,3.7014846801757812,
199.25,5.6747970581054688,,3.9493179321289062,
199.5,6.3850860595703125,,4.7566986083984375,
199.75,7.3151016235351562,,6.0418624877929688,
200,7.999847412109375,20.632736206054688,7.2708206176757812,22.805805206298828
200.25,8.1582565307617188,,7.8865737915039062,
200.5,7.56549072265625,,7.0561981201171875,
200.75,6.730010986328125,,5.6892776489257812,
201,6.2547760009765625,,4.9355545043945312,
201.25,5.9532928466796875,,4.4245529174804688,
201.5,5.7565536499023438,,3.9723129272460938,
201.75,5.6032562255859375,,3.5916213989257812,
202,5.534271240234375,,3.4945297241210938,
202.25,5.828094482421875,,3.8292388916015625,
202.5,6.581817626953125,,4.6928253173828125,
202.75,7.49395751953125,,5.7020492553710938,
203,8.1045989990234375,,6.64739990234375,
203.25,8.0764923095703125,,7.117523193359375,
203.5,7.3840866088867188,,6.3842391967773438,
203.75,6.6303634643554688,,5.2370376586914062,
204,6.1755752563476562,,4.450103759765625,
204.25,5.8715286254882812,,3.916107177734375,
204.5,5.7131195068359375,,3.658050537109375,
204.75,5.7769927978515625,,3.6810455322265625,
205,6.35186767578125,,4.1843795776367188,
205.25,7.539947509765625,,5.2881393432617188,
205.5,8.7765655517578125,,7.1379623413085938,
205.75,9.2262420654296875,,8.78082275390625,
206,8.2860031127929688,,7.3628005981445312,
206.25,6.9471817016601562,,4.3785629272460938,
206.5,6.1934585571289062,,3.0831756591796875,
206.75,5.8408660888671875,,2.6411590576171875,
207,5.7054519653320312,,2.3984375,
207.25,5.6645736694335938,,2.3498916625976562,
207.5,6.3314285278320312,,3.1189422607421875,
207.75,7.8823165893554688,,5.0045394897460938,
208,9.07550048828125,,7.0766372680664062,
208.25,8.9349746704101562,,7.75115966796875,
208.5,7.869537353515625,,6.4404449462890625,
208.75,6.857757568359375,,4.8844528198242188,
209,6.2215652465820312,,3.8650054931640625,
209.25,5.7769927978515625,,3.0014190673828125,
209.5,5.5112762451171875,,2.5312957763671875,
209.75,5.4014129638671875,,2.3728866577148438,
210,5.937957763671875,20.610687255859375,2.720367431640625,22.883295059204102
210.25,7.89764404296875,,3.9109954833984375,
210.5,10.143486022949219,,5.6407318115234375,
210.75,10.728584289550781,,6.9080123901367188,
211,9.471527099609375,,6.3765716552734375,
211.25,7.9231948852539062,,5.0224227905273438,
211.5,6.9625167846679688,,4.1664962768554688,
211.75,6.2931060791015625,,3.48431396484375,
212,5.9430694580078125,,3.0831756591796875,
212.25,5.746337890625,,2.8532257080078125,
212.5,5.7616653442382812,,2.9094390869140625,
212.75,6.5128326416015625,,3.8368988037109375,
213,7.7009124755859375,,5.515533447265625,
213.25,8.4112014770507812,,7.1788406372070312,
213.5,7.97174072265625,,7.0204315185546875,
213.75,6.9982833862304688,,5.5206451416015625,
214,6.333984375,,4.2405929565429688,
214.25,5.863861083984375,,3.33612060546875,
214.5,5.6109161376953125,,3.0525131225585938,
214.75,5.5266036987304688,,3.0193023681640625,
215,5.863861083984375,,3.456207275390625,
215.25,6.7427825927734375,,4.7924728393554688,
215.5,7.667694091796875,,6.6397323608398438,
215.75,8.1991348266601562,,8.2238388061523438,
216,7.851654052734375,,7.6183013916015625,
216.25,6.949737548828125,,5.6356201171875,
216.5,6.27777099609375,,4.5165328979492188,
216.75,5.83831787109375,,4.10772705078125,
217,5.5904769897460938,,3.877777099609375,
217.25,5.495941162109375,,3.622283935546875,
217.5,6.139801025390625,,4.4935379028320312,
217.75,7.3636474609375,,7.1200790405273438,
218,8.2272415161132812,,9.7363967895507812,
218.25,8.54150390625,,10.750732421875,
218.5,8.2246856689453125,,9.77471923828125,
218.75,7.5118408203125,,7.963226318359375,
219,6.7555618286132812,,6.555419921875,
219.25,6.1832427978515625,,5.6024093627929688,
219.5,5.976287841796875,,5.1220626831054688,
219.75,6.0631561279296875,,5.055633544921875,
220,6.8424301147460938,21.261516571044922,5.9090042114257812,21.261516571044922
220.25,8.32177734375,,8.0347671508789062,
220.5,9.3821029663085938,,10.318939208984375,
220.75,9.8215560913085938,,12.127876281738281,
221,9.3642120361328125,,11.8544921875,
221.25,8.3371047973632812,,10.014892578125,
221.5,7.5501632690429688,,8.4665603637695312,
221.75,6.8424301147460938,,7.0485382080078125,
222,6.2624435424804688,,6.0367584228515625,
222.25,5.8434219360351562,,5.4925384521484375,
222.5,5.6364669799804688,,5.3060226440429688,
222.75,5.5547103881835938,,5.1910476684570312,
223,5.9149627685546875,,5.4593276977539062,
223.25,6.839874267578125,,6.6959457397460938,
223.5,7.667694091796875,,8.41290283203125,
223.75,8.0330581665039062,,9.6878509521484375,
224,7.6830215454101562,,9.3199310302734375,
224.25,6.9165267944335938,,7.7256088256835938,
224.5,6.287994384765625,,6.4941024780273438,
224.75,5.8306503295898438,,5.8144683837890625,
225,5.65435791015625,,5.4465484619140625,
225.25,5.5674819946289062,,4.9968719482421875,
225.5,5.47039794921875,,4.6647186279296875,
225.75,5.4525070190429688,,4.6391677856445312,
226,5.9277420043945312,,5.0351943969726562,
226.25,7.2946624755859375,,6.2820358276367188,
226.5,8.7024688720703125,,7.9836654663085938,
226.75,9.3999862670898438,,9.6316375732421875,
227,9.0320663452148438,,9.7670516967773438,
227.25,8.1148223876953125,,8.4154586791992188,
227.5,7.1566925048828125,,6.987213134765625,
227.75,6.2649993896484375,,6.031646728515625,
228,5.8306503295898438,,5.699493408203125,
228.25,5.6236953735351562,,5.4491043090820312,
228.5,5.516387939453125,,5.1578369140625,
228.75,5.4857254028320312,,5.0121994018554688,
229,5.9328460693359375,,5.3775634765625,
229.25,7.041717529296875,,6.5043182373046875,
229.5,8.0841598510742188,,8.22894287109375,
229.75,9.1521530151367188,,10.035331726074219,
230,9.8982086181640625,20.120723724365234,10.306159973144531,18.181818008422852
230.25,9.7781219482421875,,9.3122634887695312,
230.5,9.0984954833984375,,9.2151718139648438,
230.75,8.5440597534179688,,9.5805435180664062,
231,8.3141098022460938,,8.4026870727539062,
231.25,8.8889846801757812,,8.1267471313476562,
231.5,10.015739440917969,,10.091537475585938,
231.75,10.140937805175781,,12.526458740234375,
232,9.5609512329101562,,14.956260681152344,
232.25,8.2527923583984375,,16.172439575195312,
232.5,6.1372528076171875,,13.505020141601562,
232.75,5.3451995849609375,,9.3122634887695312,
233,6.24200439453125,,8.1701812744140625,
233.25,6.2675552368164062,,7.807373046875,
233.5,5.7897720336914062,,7.34747314453125,
233.75,5.9916152954101562,,7.9427871704101562,
234,6.1474685668945312,,8.7373886108398438,
234.25,6.5562667846679688,,9.2305068969726562,
234.5,7.3406524658203125,,10.048103332519531,
234.75,7.7290115356445312,,9.7670516967773438,
235,7.41986083984375,,7.7486038208007812,
235.25,6.9522933959960938,,6.1900558471679688,
235.5,6.5434951782226562,,5.6100692749023438,
235.75,6.2547760009765625,,5.6024093627929688,
236,6.3748626708984375,,5.4363327026367188,
236.25,6.5205001831054688,,5.829803466796875,
236.5,6.6405868530273438,,7.6208572387695312,
236.75,7.6089324951171875,,9.6341934204101562,
237,8.1659164428710938,,10.086433410644531,
237.25,7.67791748046875,,8.9085769653320312,
237.5,6.8858642578125,,7.6923980712890625,
237.75,6.2292327880859375,,6.4659957885742188,
238,6.1730194091796875,,5.7429275512695312,
238.25,6.0529327392578125,,5.957550048828125,
238.5,6.3697509765625,,7.5825271606445312,
238.75,7.4760665893554688,,10.556549072265625,
239,8.26556396484375,,12.219856262207031,
239.25,8.9681930541992188,,13.413040161132812,
239.5,8.4265289306640625,,12.57244873046875,
239.75,6.8552017211914062,,10.763504028320312,
240,8.2068023681640625,18.417463302612305,12.255622863769531,22.835395812988281
240.25,11.50274658203125,,16.915946960449219,
240.5,10.784797668457031,,17.271091461181641,
240.75,9.7423553466796875,,13.185646057128906,
241,10.261016845703125,,10.702186584472656,
241.25,10.294235229492188,,11.0445556640625,
241.5,11.219146728515625,,13.045120239257812,
241.75,12.121055603027344,,14.130996704101562,
242,11.768470764160156,,14.371162414550781,
242.25,9.8266677856445312,,11.959243774414062,
242.5,8.4546356201171875,,9.4502334594726562,
242.75,8.1761398315429688,,8.7092819213867188,
243,8.071380615234375,,7.8048171997070312,
243.25,7.8567657470703125,,6.8696823120117188,
243.5,8.1684722900390625,,7.4752197265625,
243.75,9.839447021484375,,10.758392333984375,
244,11.54107666015625,,14.125885009765625,
244.25,11.178260803222656,,13.862716674804688,
244.5,9.5021820068359375,,10.6025390625,
244.75,8.1786956787109375,,7.7818222045898438,
245,7.6651382446289062,,6.8620223999023438,
245.25,7.5884857177734375,,6.3714599609375,
245.5,8.1505889892578125,,7.5442047119140625,
245.75,8.5006256103515625,,11.706298828125,
246,7.6370315551757812,,14.716087341308594,
246.25,6.1014785766601562,,13.428367614746094,
246.5,5.6390228271484375,,10.086433410644531,
246.75,5.6824569702148438,,7.2835922241210938,
247,5.8127670288085938,,6.3050308227539062,
247.25,6.6405868530273438,,7.9427871704101562,
247.5,7.0953750610351562,,8.992889404296875,
247.75,7.0928192138671875,,7.7920379638671875,
248,7.4121932983398438,,8.883026123046875,
248.25,7.9308624267578125,,12.053779602050781,
248.5,8.08160400390625,,13.390045166015625,
248.75,7.3227691650390625,,11.455909729003906,
249,6.4310760498046875,,8.9698944091796875,
249.25,6.1755752563476562,,8.239166259765625,
249.5,6.0171661376953125,,8.136962890625,
249.75,6.4591827392578125,,9.3275985717773438,
250,7.0263900756835938,12.853470802307129,10.975570678710938,10.853835105895996
250.25,6.5051727294921875,,9.1206436157226562,
250.5,5.5777053833007812,,5.7480392456054688,
250.75,5.120361328125,,4.4424362182617188,
251,5.6007003784179688,,5.883453369140625,
251.25,7.0493850708007812,,11.512123107910156,
251.5,8.1301498413085938,,15.855621337890625,
251.75,8.8940963745117188,,19.626800537109375,
252,9.00140380859375,,22.516506195068359,
252.25,7.943634033203125,,20.733116149902344,
252.5,7.16180419921875,,17.687553405761719,
252.75,8.2808914184570312,,18.778541564941406,
253,9.73724365234375,,22.672359466552734,
253.25,9.1776962280273438,,23.308555603027344,
253.5,7.8261032104492188,,20.007495880126953,
253.75,6.6048126220703125,,13.642990112304688,
254,5.9609527587890625,,8.716949462890625,
254.25,5.5547103881835938,,6.1491775512695312,
254.5,5.4678421020507812,,6.2258224487304688,
254.75,6.1730194091796875,,9.526885986328125,
255,6.7146759033203125,,11.813613891601562,
255.25,6.821990966796875,,12.109992980957031,
255.5,6.9063034057617188,,11.340934753417969,
255.75,8.04583740234375,,13.650657653808594,
256,9.9927444458007812,,20.469951629638672,
256.25,11.653495788574219,,25.454753875732422,
256.5,12.527305603027344,,24.299896240234375,
256.75,11.334121704101562,,19.762214660644531,
257,8.5159530639648438,,14.733978271484375,
257.25,6.8603134155273438,,12.127876281738281,
257.5,7.0774917602539062,,14.90771484375,
257.75,7.3610916137695312,,18.287979125976562,
258,6.747894287109375,,15.980812072753906,
258.25,6.1500244140625,,11.984794616699219,
258.5,6.196014404296875,,11.236183166503906,
258.75,6.1832427978515625,,10.122200012207031,
259,5.8357620239257812,,7.963226318359375,
259.25,5.4065170288085938,,6.27947998046875,
259.5,5.5751495361328125,,5.9984283447265625,
259.75,6.1065902709960938,,8.0756454467773438,
260,6.3876419067382812,14.457831382751465,12.0001220703125,9.3970241546630859
260.25,6.7989959716796875,,14.772300720214844,
260.5,7.2486724853515625,,13.464141845703125,
260.75,6.4489593505859375,,9.8258209228515625,
261,5.3094329833984375,,7.227386474609375,
261.25,5.3017654418945312,,6.2641525268554688,
261.5,5.0513763427734375,,6.3842391967773438,
261.75,4.8955230712890625,,7.4547805786132812,
262,6.0989227294921875,,9.6725234985351562,
262.25,7.19757080078125,,11.736961364746094,
262.5,7.1924667358398438,,11.57855224609375,
262.75,6.31610107421875,,9.102752685546875,
263,5.8332061767578125,,7.2605972290039062,
263.25,5.9073028564453125,,6.6448440551757812,
263.5,5.6415786743164062,,5.5691909790039062,
263.75,6.4004135131835938,,6.5477523803710938,
264,7.5527191162109375,,10.183517456054688,
264.25,7.8899765014648438,,13.310836791992188,
264.5,8.04583740234375,,13.080886840820312,
264.75,9.4102020263671875,,14.894943237304688,
265,11.551292419433594,,22.439853668212891,
265.25,10.835891723632812,,23.280448913574219,
265.5,8.4674072265625,,16.15966796875,
265.75,8.1250381469726562,,11.514678955078125,
266,7.9845123291015625,,9.2458343505859375,
266.25,7.8312149047851562,,9.2381668090820312,
266.5,8.9017562866210938,,11.895370483398438,
266.75,10.945762634277344,,14.756973266601562,
267,11.737808227539062,,15.096786499023438,
267.25,9.8624420166015625,,11.938804626464844,
267.5,8.017730712890625,,8.4282379150390625,
267.75,7.3585357666015625,,6.4583282470703125,
268,7.2665557861328125,,6.0623092651367188,
268.25,7.93341064453125,,8.6326370239257812,
268.5,8.9605255126953125,,12.802398681640625,
268.75,8.3600997924804688,,12.158538818359375,
269,6.9701766967773438,,8.3618087768554688,
269.25,6.2982177734375,,6.2845916748046875,
269.5,5.966064453125,,5.6254043579101562,
269.75,6.0376052856445312,,6.0648574829101562,
270,7.2129058837890625,13.473053932189941,7.86102294921875,11.329305648803711
270.25,8.9707412719726562,,11.491683959960938,
270.5,9.4510879516601562,,14.756973266601562,
270.75,8.7842330932617188,,14.210197448730469,
271,7.9283065795898438,,10.817161560058594,
271.25,7.207794189453125,,8.3515853881835938,
271.5,6.712127685546875,,7.4828872680664062,
271.75,6.2292327880859375,,6.6806182861328125,
272,5.9073028564453125,,6.0827484130859375,
272.25,5.7386703491210938,,5.8400192260742188,
272.5,5.7105636596679688,,5.6969375610351562,
272.75,6.1576919555664062,,6.307586669921875,
273,6.97784423828125,,7.8227005004882812,
273.25,7.7290115356445312,,9.5805435180664062,
273.5,8.0049514770507812,,10.390472412109375,
273.75,7.5373916625976562,,9.5243301391601562,
274,6.673797607421875,,7.853363037109375,
274.25,5.9992828369140625,,6.5068740844726562,
274.5,5.7565536499023438,,5.6407318115234375,
274.75,5.6773529052734375,,4.835906982421875,
275,5.5751495361328125,,4.4092178344726562,
275.25,5.7156753540039062,,4.6545028686523438,
275.5,6.4745101928710938,,5.8425750732421875,
275.75,7.3866424560546875,,7.8456954956054688,
276,7.7979965209960938,,9.378692626953125,
276.25,7.6804656982421875,,9.3173751831054688,
276.5,7.0340576171875,,7.7715988159179688,
276.75,6.27777099609375,,6.2820358276367188,
277,5.8357620239257812,,5.4874343872070312,
277.25,5.5444869995117188,,4.8001327514648438,
277.5,5.39630126953125,,4.521636962890625,
277.75,5.3733062744140625,,4.5701828002929688,
278,5.679901123046875,,5.1373977661132812,
278.25,6.4693984985351562,,6.7240524291992188,
278.5,7.3508758544921875,,8.550872802734375,
278.75,7.8312149047851562,,9.8053817749023438,
279,7.483734130859375,,9.2816085815429688,
279.25,6.8015518188476562,,7.8967971801757812,
279.5,6.2266769409179688,,6.8824615478515625,
279.75,5.7693328857421875,,5.6969375610351562,
280,5.5904769897460938,19.480520248413086,5.0070877075195312,17.24138069152832
280.25,5.6134719848632812,,4.945770263671875,
280.5,6.2292327880859375,,5.6483993530273438,
280.75,7.8669815063476562,,7.6591796875,
281,9.3948745727539062,,10.431358337402344,
281.25,9.7295761108398438,,12.360382080078125,
281.5,8.845550537109375,,11.019004821777344,
281.75,7.611480712890625,,8.313262939453125,
282,6.804107666015625,,6.555419921875,
282.25,6.3390960693359375,,5.387786865234375,
282.5,6.068267822265625,,4.95599365234375,
282.75,5.8945236206054688,,4.6672744750976562,
283,6.2547760009765625,,4.9943161010742188,
283.25,7.4990615844726562,,6.8262481689453125,
283.5,8.8225555419921875,,9.1640777587890625,
283.75,9.6120529174804688,,11.090545654296875,
284,9.213470458984375,,10.939804077148438,
284.25,8.035614013671875,,8.9085769653320312,
284.5,7.16180419921875,,7.4036788940429688,
284.75,6.5179443359375,,6.4787673950195312,
285,6.029937744140625,,5.7199325561523438,
285.25,5.6492462158203125,,5.0684127807617188,
285.5,5.5725936889648438,,4.8512344360351562,
285.75,6.3723068237304688,,5.7582626342773438,
286,7.9206390380859375,,7.815032958984375,
286.25,9.4229812622070312,,10.49267578125,
286.5,10.690261840820312,,13.778404235839844,
286.75,11.109275817871094,,15.865837097167969,
287,10.470527648925781,,14.550018310546875,
287.25,9.8905410766601562,,12.613327026367188,
287.5,9.4613037109375,,11.647537231445312,
287.75,8.7510147094726562,,10.336822509765625,
288,7.86187744140625,,8.7936019897460938,
288.25,7.059600830078125,,6.9540023803710938,
288.5,6.489837646484375,,5.3673477172851562,
288.75,6.0529327392578125,,4.2865829467773438,
289,5.9992828369140625,,4.1026229858398438,
289.25,6.4949493408203125,,5.865570068359375,
289.5,7.1107025146484375,,8.7016220092773438,
289.75,7.69580078125,,11.034332275390625,
290,7.7724456787109375,13.876041412353516,11.10076904296875,9.0702943801879883
290.25,7.1209259033203125,,8.8242568969726562,
290.5,6.4975051879882812,,6.767486572265625,
290.75,6.1372528076171875,,5.9064483642578125,
291,5.9635086059570312,,5.65350341796875,
291.25,5.8510894775390625,,5.3826751708984375,
291.5,5.9175186157226562,,5.3826751708984375,
291.75,6.4847259521484375,,6.7981491088867188,
292,7.5527191162109375,,9.2713851928710938,
292.25,8.6130447387695312,,11.949028015136719,
292.5,8.6002731323242188,,12.214744567871094,
292.75,7.6804656982421875,,9.7696075439453125,
293,6.804107666015625,,7.6208572387695312,
293.25,6.196014404296875,,6.2769241333007812,
293.5,5.8894119262695312,,5.423553466796875,
293.75,5.6977920532226562,,4.8946685791015625,
294,5.6288070678710938,,4.8563461303710938,
294.25,6.0018310546875,,5.5615234375,
294.5,6.839874267578125,,6.97955322265625,
294.75,7.7443466186523438,,8.7884902954101562,
295,8.2119064331054688,,10.27294921875,
295.25,7.953857421875,,10.270393371582031,
295.5,7.1132583618164062,,8.4384536743164062,
295.75,6.2854385375976562,,6.555419921875,
296,5.8791961669921875,,5.7838134765625,
296.25,5.700347900390625,,5.3826751708984375,
296.5,5.6415786743164062,,5.0581893920898438,
296.75,5.7616653442382812,,5.0505294799804688,
297,6.2726669311523438,,6.159393310546875,
297.25,7.0851516723632812,,8.0322113037109375,
297.5,7.703460693359375,,9.360809326171875,
297.75,7.961517333984375,,9.8462600708007812,
298,7.60382080078125,,9.0797576904296875,
298.25,6.8603134155273438,,7.6259689331054688,
298.5,6.3007659912109375,,6.5605316162109375,
298.75,5.9226303100585938,,5.7250442504882812,
299,5.7335586547851562,,5.17572021484375,
299.25,5.6645736694335938,,4.9968719482421875,
299.5,5.9047470092773438,,5.5768585205078125,
299.75,6.6278076171875,,7.2146072387695312,
300,7.3023300170898438,10.948905944824219,8.8293685913085938,17.128873825073242
300.25,7.7801132202148438,,10.209068298339844,
300.5,7.8772048950195312,,10.530998229980469,
300.75,7.3764266967773438,,9.0823135375976562,
301,6.6865768432617188,,7.2299423217773438,
301.25,6.1346969604492188,,5.9524383544921875,
301.5,5.884307861328125,,5.4669876098632812,
301.75,5.753997802734375,,5.2293777465820312,
302,5.79998779296875,,5.2574844360351562,
302.25,6.333984375,,6.141510009765625,
302.5,7.0851516723632812,,7.7486038208007812,
302.75,7.8465423583984375,,9.5498809814453125,
303,8.3498764038085938,,10.699630737304688,
303.25,8.1991348266601562,,10.357261657714844,
303.5,7.5501632690429688,,8.515106201171875,
303.75,6.9267425537109375,,6.9616622924804688,
304,6.57415771484375,,6.4251174926757812,
304.25,6.3825302124023438,,5.9728775024414062,
304.5,6.3288726806640625,,5.6305084228515625,
304.75,6.9011917114257812,,6.3765716552734375,
305,7.953857421875,,8.37713623046875,
305.25,8.92730712890625,,10.697074890136719,
305.5,9.3923187255859375,,11.867263793945312,
305.75,8.9681930541992188,,11.070106506347656,
306,8.025390625,,9.1359710693359375,
306.25,7.1388092041015625,,7.3270339965820312,
306.5,6.5613784790039062,,6.251373291015625,
306.75,6.1730194091796875,,5.4312210083007812,
307,6.075927734375,,5.055633544921875,
307.25,6.730010986328125,,6.1670608520507812,
307.5,7.9691848754882812,,8.734832763671875,
307.75,9.1700363159179688,,11.657752990722656,
308,9.5226211547851562,,12.988906860351562,
308.25,8.9324188232421875,,11.849380493164062,
308.5,7.9666290283203125,,9.5217742919921875,
308.75,7.059600830078125,,7.4803314208984375,
309,6.5128326416015625,,6.2539291381835938,
309.25,6.185791015625,,5.5819625854492188,
309.5,6.05804443359375,,5.3622360229492188,
309.75,6.3825302124023438,,5.865570068359375,
310,7.1413650512695312,13.452914237976074,7.2043914794921875,20.20958137512207
310.25,8.1199264526367188,,9.0797576904296875,
310.5,8.8762130737304688,,10.819717407226562,
310.75,8.8532180786132812,,11.300056457519531,
311,7.91552734375,,9.3556976318359375,
311.25,6.8526458740234375,,6.895233154296875,
311.5,6.3748626708984375,,5.8732376098632812,
311.75,6.1117019653320312,,5.3520126342773438,
312,5.94818115234375,,4.9381027221679688,
312.25,5.9813919067382812,,4.9789886474609375,
312.5,6.22412109375,,5.3826751708984375,
312.75,6.4029693603515625,,5.2447052001953125,
313,6.6686859130859375,,5.7710342407226562,
313.25,7.67791748046875,,9.9612350463867188,
313.5,8.3089981079101562,,12.529006958007812,
313.75,7.8363265991210938,,9.8564834594726562,
314,7.1566925048828125,,6.8722381591796875,
314.25,6.7427825927734375,,5.3111343383789062,
314.5,6.6124801635742188,,4.77203369140625,
314.75,6.5971527099609375,,5.929443359375,
315,6.7708892822265625,,9.1691818237304688,
315.25,7.1209259033203125,,12.733413696289062,
315.5,7.1004867553710938,,11.900482177734375,
315.75,6.46173095703125,,7.5799789428710938,
316,5.976287841796875,,5.3366851806640625,
316.25,6.2547760009765625,,6.3459091186523438,
316.5,7.4811782836914062,,9.9663467407226562,
316.75,8.3166656494140625,,13.699203491210938,
317,7.8567657470703125,,13.796287536621094,
317.25,7.0825958251953125,,11.019004821777344,
317.5,6.3697509765625,,8.56109619140625,
317.75,5.69012451171875,,6.7751541137695312,
318,5.9609527587890625,,5.7403793334960938,
318.25,6.7606658935546875,,5.65350341796875,
318.5,7.703460693359375,,7.981109619140625,
318.75,8.7382431030273438,,10.947463989257812,
319,9.3667678833007812,,12.684867858886719,
319.25,9.4945220947265625,,13.52801513671875,
319.5,8.4980697631835938,,10.962799072265625,
319.75,7.5527191162109375,,7.19927978515625,
320,7.207794189453125,22.64927864074707,5.5768585205078125,24.674434661865234
320.25,7.1950225830078125,,5.13995361328125,
320.5,8.4418563842773438,,6.4813232421875,
320.75,10.80523681640625,,10.265281677246094,
321,12.448097229003906,,15.457038879394531,
321.25,12.506866455078125,,17.534255981445312,
321.5,11.523185729980469,,14.470809936523438,
321.75,9.8368911743164062,,11.297500610351562,
322,7.264007568359375,,10.237174987792969,
322.25,6.6712417602539062,,12.787063598632812,
322.5,7.6344757080078125,,16.481597900390625,
322.75,7.7979965209960938,,17.656894683837891,
323,7.2231216430664062,,17.526588439941406,
323.25,5.83831787109375,,15.922050476074219,
323.5,6.0784835815429688,,12.712966918945312,
323.75,6.6584701538085938,,9.5703201293945312,
324,6.1934585571289062,,7.71539306640625,
324.25,6.620147705078125,,8.5074386596679688,
324.5,7.6293716430664062,,12.922477722167969,
324.75,7.8925323486328125,,17.273643493652344,
325,7.391754150390625,,16.588905334472656,
325.25,6.4566268920898438,,13.975143432617188,
325.5,5.753997802734375,,12.958251953125,
325.75,6.09381103515625,,12.288841247558594,
326,7.4581832885742188,,11.376708984375,
326.25,8.5466156005859375,,9.7415084838867188,
326.5,9.1291580200195312,,8.9315719604492188,
326.75,8.6590347290039062,,7.7767105102539062,
327,6.9599609375,,5.7838134765625,
327.25,5.9328460693359375,,4.6085128784179688,
327.5,5.6824569702148438,,3.824127197265625,
327.75,5.955841064453125,,3.96209716796875,
328,6.747894287109375,,5.8936767578125,
328.25,7.1439208984375,,7.7383880615234375,
328.5,6.921630859375,,7.1762847900390625,
328.75,6.3927459716796875,,5.4644393920898438,
329,5.753997802734375,,3.8931121826171875,
329.25,5.332427978515625,,3.2083740234375,
329.5,5.2813262939453125,,3.5967330932617188,
329.75,5.7693328857421875,,4.818023681640625,
330,6.71978759765625,11.417697906494141,7.071533203125,24.570024490356445
330.25,7.5833816528320312,,9.5677642822265625,
330.5,7.593597412109375,,10.101760864257812,
330.75,7.0928192138671875,,8.515106201171875,
331,6.2471160888671875,,7.539093017578125,
331.25,5.8868560791015625,,6.9080123901367188,
331.5,5.9686203002929688,,6.0367584228515625,
331.75,5.61602783203125,,5.3341293334960938,
332,5.54193115234375,,4.7745819091796875,
332.25,5.3605270385742188,,4.4526519775390625,
332.5,5.0539321899414062,,4.1332778930664062,
332.75,5.240447998046875,,4.6442794799804688,
333,5.9277420043945312,,6.105743408203125,
333.25,6.4949493408203125,,7.1890640258789062,
333.5,6.3697509765625,,7.1609573364257812,
333.75,5.8485336303710938,,6.473663330078125,
334,5.3911895751953125,,5.599853515625,
334.25,5.0488204956054688,,5.001983642578125,
334.5,4.872528076171875,,4.7311477661132812,
334.75,4.6809005737304688,,4.669830322265625,
335,4.4637222290039062,,4.36578369140625,
335.25,4.51226806640625,,4.0566329956054688,
335.5,5.2787704467773438,,4.9151077270507812,
335.75,7.3636474609375,,6.8109207153320312,
336,9.38720703125,,9.9101333618164062,
336.25,10.800125122070312,,13.356826782226562,
336.5,11.799125671386719,,16.443267822265625,
336.75,11.94476318359375,,17.421836853027344,
337,10.874221801757812,,15.050796508789062,
337.25,9.0141830444335938,,10.937248229980469,
337.5,7.28955078125,,7.64129638671875,
337.75,5.8127670288085938,,6.2948074340820312,
338,5.0053863525390625,,5.5870742797851562,
338.25,4.6272430419921875,,5.1833877563476562,
338.5,4.4918289184570312,,4.8614578247070312,
338.75,4.4151763916015625,,4.5088653564453125,
339,4.4279556274414062,,4.2431488037109375,
339.25,5.3273162841796875,,4.8410186767578125,
339.5,7.2410125732421875,,6.5452041625976562,
339.75,9.0627212524414062,,8.6198577880859375,
340,9.9544219970703125,10.211028099060059,10.5667724609375,16.371078491210938
340.25,10.322341918945312,,11.693527221679688,
340.5,9.7193603515625,,11.223403930664062,
340.75,8.2808914184570312,,9.0925369262695312,
341,6.9957275390625,,6.9258956909179688,
341.25,6.0350494384765625,,5.8885650634765625,
341.5,5.4755020141601562,,5.4158935546875,
341.75,5.0692596435546875,,5.0914077758789062,
342,4.8852996826171875,,4.6902694702148438,
342.25,5.3170928955078125,,4.7771377563476562,
342.5,6.4515151977539062,,5.8706817626953125,
342.75,7.9027557373046875,,7.3960189819335938,
343,8.9043121337890625,,9.5779876708984375,
343.25,9.2441329956054688,,11.94647216796875,
343.5,8.6385955810546875,,12.761512756347656,
343.75,7.6344757080078125,,11.164642333984375,
344,7.0008392333984375,,8.6045303344726562,
344.25,6.4106369018554688,,6.3637924194335938,
344.5,5.9124069213867188,,4.927886962890625,
344.75,5.6007003784179688,,4.457763671875,
345,5.460174560546875,,3.7755813598632812,
345.25,5.736114501953125,,3.8931121826171875,
345.5,6.691680908203125,,5.0862960815429688,
345.75,8.2425689697265625,,6.1338424682617188,
346,9.6094970703125,,7.7434921264648438,
346.25,10.6749267578125,,10.1605224609375,
346.5,11.413322448730469,,13.129432678222656,
346.75,11.794021606445312,,14.736534118652344,
347,12.087844848632812,,15.587348937988281,
347.25,12.624397277832031,,16.969596862792969,
347.5,12.09295654296875,,16.509696960449219,
347.75,10.156265258789062,,12.138092041015625,
348,8.1148223876953125,,7.5109939575195312,
348.25,6.3365402221679688,,5.8527984619140625,
348.5,5.3273162841796875,,4.973876953125,
348.75,4.6093597412109375,,4.3606719970703125,
349,4.2567672729492188,,3.88800048828125,
349.25,4.2235565185546875,,3.6503829956054688,
349.5,4.2950973510742188,,3.5354080200195312,
349.75,4.3589706420898438,,3.4817581176757812,
350,5.0896987915039062,11.467889785766602,3.7883529663085938,11.467889785766602
350.25,7.4300765991210938,,4.84356689453125,
350.5,9.6222686767578125,,7.5237655639648438,
350.75,11.145050048828125,,11.384368896484375,
351,12.42254638671875,,15.814743041992188,
351.25,13.654060363769531,,19.100471496582031,
351.5,14.52020263671875,,21.834320068359375,
351.75,15.092521667480469,,23.995849609375,
352,14.808921813964844,,24.169589996337891,
352.25,13.183937072753906,,21.310546875,
352.5,11.28302001953125,,16.558242797851562,
352.75,9.8522186279296875,,12.2965087890625,
353,8.7561264038085938,,8.5943069458007812,
353.25,7.207794189453125,,6.3510208129882812,
353.5,6.0043869018554688,,5.2140426635742188,
353.75,5.2992095947265625,,4.613616943359375,
354,4.9798355102539062,,4.0694046020507812,
354.25,4.7856521606445312,,3.6887130737304688,
354.5,4.5991363525390625,,3.30035400390625,
354.75,4.4688339233398438,,3.088287353515625,
355,4.430511474609375,,3.0627365112304688,
355.25,4.6553497314453125,,3.2466964721679688,
355.5,5.7974319458007812,,3.9953079223632812,
355.75,7.9104156494140625,,5.185943603515625,
356,9.6759262084960938,,7.4803314208984375,
356.25,11.155265808105469,,10.6766357421875,
356.5,12.442985534667969,,14.680320739746094,
356.75,13.689826965332031,,18.134681701660156,
357,14.481880187988281,,20.980949401855469,
357.25,15.107856750488281,,22.856319427490234,
357.5,15.506431579589844,,24.105716705322266,
357.75,15.777263641357422,,24.672924041748047,
358,16.078754425048828,,25.830341339111328,
358.25,16.408348083496094,,27.317348480224609,
358.5,16.61785888671875,,28.426219940185547,
358.75,16.579532623291016,,29.236156463623047,
359,16.347030639648438,,29.381790161132812,
359.25,15.938228607177734,,29.110958099365234,
359.5,14.20849609375,,26.55340576171875,
359.75,11.525741577148438,,20.822540283203125,
360,10.110275268554688,8.204193115234375,14.537239074707031,8.0717487335205078
360.25,9.6529312133789062,,10.329154968261719,
360.5,9.1547012329101562,,7.01531982421875,
360.75,7.777557373046875,,5.4542160034179688,
361,6.4131927490234375,,4.9534378051757812,
361.25,5.3349761962890625,,4.6391677856445312,
361.5,4.75244140625,,4.209930419921875,
361.75,4.4151763916015625,,3.9825363159179688,
362,4.2337722778320312,,4.0106430053710938,
362.25,4.1111373901367188,,4.1256179809570312,
362.5,4.0038223266601562,,4.1869354248046875,
362.75,3.9654998779296875,,3.9646530151367188,
363,4.1571273803710938,,4.0208587646484375,
363.25,5.1714630126953125,,4.5114212036132812,
363.5,7.2333450317382812,,5.2114944458007812,
363.75,9.3846511840820312,,6.7470474243164062,
364,10.577842712402344,,9.1053085327148438,
364.25,11.592170715332031,,11.989906311035156,
364.5,12.419990539550781,,16.576133728027344,
364.75,13.301467895507812,,21.678466796875,
365,13.804801940917969,,26.686264038085938,
365.25,14.165061950683594,,30.52642822265625,
365.5,14.670951843261719,,33.421245574951172,
365.75,15.135955810546875,,34.867374420166016,
366,15.279037475585938,,36.359493255615234,
366.25,15.212608337402344,,38.377944946289062,
366.5,15.202392578125,,40.135784149169922,
366.75,15.266265869140625,,40.590576171875,
367,14.964775085449219,,39.818965911865234,
367.25,13.80224609375,,37.090225219726562,
367.5,11.957542419433594,,31.211170196533203,
367.75,10.056617736816406,,24.501739501953125,
368,9.139373779296875,,18.724884033203125,
368.25,8.7126922607421875,,14.585784912109375,
368.5,8.587493896484375,,10.771171569824219,
368.75,7.9921798706054688,,7.9734420776367188,
369,6.86798095703125,,6.1159591674804688,
369.25,5.8689727783203125,,5.369903564453125,
369.5,5.3911895751953125,,4.6672744750976562,
369.75,5.0334930419921875,,4.0285263061523438,
370,4.6195831298828125,9.6153841018676758,3.8036880493164062,8.0971660614013672
370.25,4.2618789672851562,,3.7653579711914062,
370.5,4.080474853515625,,3.5124130249023438,
370.75,3.9399490356445312,,3.1317214965820312,
371,3.7329940795898438,,2.8430023193359375,
371.25,3.3982925415039062,,2.7995681762695312,
371.5,3.132568359375,,2.7459182739257812,
371.75,3.0968017578125,,2.6334991455078125,
372,3.1913375854492188,,2.5108566284179688,
372.25,3.288421630859375,,2.50830078125,
372.5,3.3982925415039062,,2.664154052734375,
372.75,3.510711669921875,,2.8021240234375,
373,3.602691650390625,,2.9068832397460938,
373.25,4.0166015625,,3.2032623291015625,
373.5,5.5444869995117188,,4.0540771484375,
373.75,7.7979965209960938,,5.46954345703125,
374,9.36932373046875,,8.0322113037109375,
374.25,10.506301879882812,,11.759956359863281,
374.5,11.224250793457031,,18.321193695068359,
374.75,12.177268981933594,,25.528850555419922,
375,13.350013732910156,,31.515213012695312,
375.25,14.00665283203125,,34.675750732421875,
375.5,13.970878601074219,,37.021240234375,
375.75,14.090965270996094,,38.319179534912109,
376,14.356681823730469,,38.804630279541016,
376.25,14.801254272460938,,40.301860809326172,
376.5,15.268821716308594,,42.928398132324219,
376.75,15.519210815429688,,45.179355621337891,
377,15.394012451171875,,46.921863555908203,
377.25,15.143623352050781,,48.970973968505859,
377.5,15.14617919921875,,50.332786560058594,
377.75,15.373573303222656,,49.545848846435547,
378,15.156402587890625,,48.383323669433594,
378.25,13.641281127929688,,44.688793182373047,
378.5,11.648384094238281,,36.569004058837891,
378.75,9.9416427612304688,,28.753261566162109,
379,8.9886322021484375,,22.048938751220703,
379.25,8.5926055908203125,,17.748874664306641,
379.5,8.4009780883789062,,14.547462463378906,
379.75,7.9768524169921875,,11.821273803710938,
380,7.3994216918945312,7.223114013671875,8.7476119995117188,6.4864864349365234
380.25,6.5588226318359375,,6.5605316162109375,
380.5,5.7284469604492188,,5.5359725952148438,
380.75,4.97216796875,,5.2344894409179688,
381,4.4867172241210938,,4.6161727905273438,
381.25,3.9910507202148438,,4.2022628784179688,
381.5,3.5515899658203125,,4.238037109375,
381.75,3.3165283203125,,3.9927520751953125,
382,3.0610275268554688,,3.7168121337890625,
382.25,2.7442092895507812,,3.5073089599609375,
382.5,2.8464126586914062,,3.1955947875976562,
382.75,3.1683425903320312,,3.15216064453125,
383,3.344635009765625,,3.3233489990234375,
383.25,3.4647216796875,,3.399993896484375,
383.5,3.8556365966796875,,3.9672088623046875,
383.75,5.0896987915039062,,5.5845184326171875,
384,6.8526458740234375,,8.67095947265625,
384.25,8.293670654296875,,12.822837829589844,
384.5,8.9579696655273438,,18.686561584472656,
384.75,9.7525711059570312,,24.933536529541016,
385,10.238021850585938,,31.198394775390625,
385.25,10.370887756347656,,34.208183288574219,
385.5,10.524185180664062,,35.764179229736328,
385.75,10.894660949707031,,37.95892333984375,
386,11.242141723632812,,40.151115417480469,
386.25,11.717369079589844,,41.796535491943359,
386.5,12.511970520019531,,43.513492584228516,
386.75,13.2886962890625,,45.493618011474609,
387,13.58251953125,,47.859550476074219,
387.25,13.613182067871094,,49.734916687011719,
387.5,13.67449951171875,,51.643501281738281,
387.75,13.942771911621094,,53.618518829345703,
388,14.129287719726562,,56.431571960449219,
388.25,14.1343994140625,,58.39892578125,
388.5,14.228935241699219,,60.115882873535156,
388.75,14.540641784667969,,61.403602600097656,
389,14.711830139160156,,58.907367706298828,
389.25,14.22637939453125,,52.816246032714844,
389.5,13.304023742675781,,46.469627380371094,
389.75,12.259025573730469,,42.279430389404297,
390,11.183372497558594,6.2197651863098145,38.229755401611328,5.4446463584899902
390.25,9.967193603515625,,34.008895874023438,
390.5,9.2211380004882812,,28.681720733642578,
390.75,8.7382431030273438,,23.551280975341797,
391,8.4546356201171875,,18.609909057617188,
391.25,8.4060897827148438,,14.976699829101562,
391.5,8.2808914184570312,,11.064994812011719,
391.75,7.6012649536132812,,8.1803970336914062,
392,6.528167724609375,,6.555419921875,
392.25,5.3605270385742188,,5.7250442504882812,
392.5,4.47650146484375,,5.2344894409179688,
392.75,3.81475830078125,,4.8512344360351562,
393,3.326751708984375,,4.450103759765625,
393.25,2.8438568115234375,,3.9595413208007812,
393.5,2.4197235107421875,,3.6784896850585938,
393.75,2.1131210327148438,,3.62994384765625,
394,2.2740859985351562,,3.0014190673828125,
394.25,2.6011276245117188,,2.3243408203125,
394.5,2.7390975952148438,,2.076507568359375,
394.75,2.7697601318359375,,2.038177490234375,
395,2.7288818359375,,1.984527587890625,
395.25,2.6343460083007812,,1.9410934448242188,
395.5,2.6420059204101562,,2.2630233764648438,
395.75,2.9358367919921875,,3.1674880981445312,
396,3.3650741577148438,,4.174163818359375,
396.25,3.9016265869140625,,4.8512344360351562,
396.5,4.77032470703125,,5.5768585205078125,
396.75,6.047821044921875,,6.5119857788085938,
397,7.189910888671875,,7.9504470825195312,
397.25,8.127593994140625,,10.249954223632812,
397.5,8.78167724609375,,14.138656616210938,
397.75,9.62738037109375,,18.410621643066406,
398,10.531852722167969,,22.889533996582031,
398.25,11.528297424316406,,26.768024444580078,
398.5,12.409774780273438,,31.160068511962891,
398.75,13.145614624023438,,35.189304351806641,
399,13.58251953125,,40.654449462890625,
399.25,13.881454467773438,,45.841098785400391,
399.5,14.034751892089844,,50.087509155273438,
399.75,14.001541137695312,,53.250598907470703,
400,13.853347778320312,5.263157844543457,57.121421813964844,5.338078498840332
400.25,13.82269287109375,,61.181320190429688,
400.5,13.965766906738281,,64.078689575195312,
400.75,14.131843566894531,,65.328079223632812,
401,14.073081970214844,,66.094581604003906,
401.25,13.996429443359375,,66.643905639648438,
401.5,14.211051940917969,,67.254554748535156,
401.75,14.719497680664062,,68.24078369140625,
402,15.038871765136719,,69.56427001953125,
402.25,14.987770080566406,,70.134040832519531,
402.5,14.939224243164062,,70.111045837402344,
402.75,14.923896789550781,,69.150360107421875,
403,14.957107543945312,,66.518714904785156,
403.25,14.923896789550781,,63.795082092285156,
403.5,14.351577758789062,,61.247749328613281,
403.75,13.464988708496094,,58.0667724609375,
404,12.57073974609375,,52.987434387207031,
404.25,11.206367492675781,,47.271900177001953,
404.5,9.985076904296875,,39.70654296875,
404.75,9.0678329467773438,,31.967449188232422,
405,8.4393081665039062,,24.999965667724609,
405.25,7.9308624267578125,,20.51849365234375,
405.5,7.685577392578125,,16.698768615722656,
405.75,7.74945068359375,,14.056900024414062,
406,7.869537353515625,,11.509567260742188,
406.25,7.5501632690429688,,9.18707275390625,
406.5,6.8526458740234375,,7.503326416015625,
406.75,5.9711761474609375,,6.6448440551757812,
407,5.1970062255859375,,6.07763671875,
407.25,4.4586181640625,,5.5615234375,
407.5,3.8198623657226562,,5.1348419189453125,
407.75,3.2552108764648438,,4.8231277465820312,
408,2.93072509765625,,4.4092178344726562,
408.25,2.6471176147460938,,3.9007720947265625,
408.5,2.3481826782226562,,3.2952423095703125,
408.75,2.184661865234375,,2.904327392578125,
409,2.2332077026367188,,2.4290924072265625,
409.25,2.4810409545898438,,1.8976593017578125,
409.5,2.8821792602539062,,1.3508834838867188,
409.75,3.3190841674804688,,1.008514404296875,
410,3.4877166748046875,4.5731706619262695,0.87821197509765625,4.4510383605957031
410.25,3.5975799560546875,,0.8117828369140625,
410.5,3.6716766357421875,,0.7479095458984375,
410.75,3.4851608276367188,,0.750457763671875,
411,3.18878173828125,,0.880767822265625,
411.25,2.9511642456054688,,0.9676361083984375,
411.5,2.7901992797851562,,0.954864501953125,
411.75,2.7416534423828125,,0.96508026123046875,
412,2.7493209838867188,,0.954864501953125,
412.25,2.7058868408203125,,0.92420196533203125,
412.5,2.7416534423828125,,1.0902786254882812,
412.75,2.7978668212890625,,1.2129135131835938,
413,2.8310775756835938,,1.0596160888671875,
413.25,2.8464126586914062,,0.9957427978515625,
413.5,2.8183059692382812,,1.05450439453125,
413.75,2.8131942749023438,,0.972747802734375,
414,2.8540725708007812,,0.87054443359375,
414.25,2.8591842651367188,,0.898651123046875,
414.5,2.8029708862304688,,0.91397857666015625,
414.75,2.7774276733398438,,0.87821197509765625,
415,2.7850875854492188,,0.8475494384765625,
415.25,2.7544326782226562,,0.83733367919921875,
415.5,2.7620925903320312,,0.7938995361328125,
415.75,2.7799758911132812,,0.75812530517578125,
416,2.7672042846679688,,0.842437744140625,
416.25,2.718658447265625,,0.9267578125,
416.5,2.6471176147460938,,0.90887451171875,
416.75,2.6905517578125,,0.8935394287109375,
417,3.0354766845703125,,0.8475494384765625,
417.25,3.6537933349609375,,1.2589035034179688,
417.5,3.878631591796875,,3.1496047973632812,
417.75,4.0753631591796875,,6.0904083251953125,
418,4.816314697265625,,10.262725830078125,
418.25,6.2931060791015625,,15.663993835449219,
418.5,8.0867156982421875,,23.390316009521484,
418.75,10.0872802734375,,32.212730407714844,
419,12.062294006347656,,43.858417510986328,
419.25,14.223823547363281,,57.272171020507812,
419.5,15.575416564941406,,72.561286926269531,
419.75,15.986774444580078,,80.108757019042969,
420,15.756824493408203,4.0295500755310059,81.19207763671875,3.3975083827972412
420.25,14.995437622070312,,81.19207763671875,
420.5,14.22637939453125,,81.19207763671875,
420.75,13.669387817382812,,81.19207763671875,
421,13.23248291015625,,81.19207763671875,
421.25,12.902885437011719,,81.19207763671875,
421.5,12.831352233886719,,81.19207763671875,
421.75,12.997421264648438,,81.19207763671875,
422,12.7725830078125,,81.19207763671875,
422.25,12.141502380371094,,81.19207763671875,
422.5,11.661155700683594,,81.19207763671875,
422.75,11.515525817871094,,81.171638488769531,
423,11.078620910644531,,77.410675048828125,
423.25,9.5762786865234375,,65.305084228515625,
423.5,8.145477294921875,,49.832008361816406,
423.75,7.1311416625976562,,39.088233947753906,
424,6.6252517700195312,,28.804359436035156,
424.25,6.4182968139648438,,20.973285675048828,
424.5,6.1295852661132812,,14.41204833984375,
424.75,5.3809661865234375,,10.942352294921875,
425,4.5889205932617188,,8.8625869750976562,
425.25,3.8658523559570312,,6.601409912109375,
425.5,3.3114166259765625,,4.1051788330078125,
425.75,3.0022659301757812,,2.26812744140625,
426,2.9486083984375,,1.2256927490234375,
426.25,2.8055267333984375,,0.87054443359375,
426.5,2.5858001708984375,,0.622711181640625,
426.75,2.3021926879882812,,0.71213531494140625,
427,2.1054611206054688,,1.0391769409179688,
427.25,2.04669189453125,,1.1515960693359375,
427.5,1.9981460571289062,,1.008514404296875,
427.75,1.9674911499023438,,0.8654327392578125,
428,1.964935302734375,,0.87821197509765625,
428.25,1.9879302978515625,,0.9114227294921875,
428.5,2.01092529296875,,0.8194427490234375,
428.75,2.0236968994140625,,0.6354827880859375,
429,2.0083694458007812,,0.51540374755859375,
429.25,2.01092529296875,,0.49240875244140625,
429.5,2.1105728149414062,,0.4438629150390625,
429.75,2.26898193359375,,0.44130706787109375,
430,2.4452743530273438,3.3860046863555908,0.62015533447265625,3.3975083827972412
430.25,2.4912643432617188,,0.81689453125,
430.5,2.2843093872070312,,0.954864501953125,
430.75,2.177001953125,,1.0902786254882812,
431,2.2919769287109375,,1.2333526611328125,
431.25,2.3532943725585938,,1.2972335815429688,
431.5,2.3379669189453125,,1.3100051879882812,
431.75,2.3430709838867188,,1.3611068725585938,
432,2.3711776733398438,,1.2691268920898438,
432.25,2.6036834716796875,,0.94208526611328125,
432.5,3.15045166015625,,0.6099395751953125,
432.75,4.0600357055664062,,0.7095794677734375,
433,4.8852996826171875,,1.6191635131835938,
433.25,5.7667770385742188,,2.7791290283203125,
433.5,6.7248992919921875,,4.393890380859375,
433.75,7.7187957763671875,,6.5222091674804688,
434,8.551727294921875,,9.1436386108398438,
434.25,9.3744354248046875,,12.099769592285156,
434.5,10.097496032714844,,15.740646362304688,
434.75,10.818008422851562,,19.059589385986328,
435,11.525741577148438,,22.764339447021484,
435.25,12.31268310546875,,26.024520874023438,
435.5,12.872230529785156,,28.553970336914062,
435.75,13.406227111816406,,30.092079162597656,
436,13.807357788085938,,31.254604339599609,
436.25,13.763923645019531,,30.922454833984375,
436.5,12.854347229003906,,28.060855865478516,
436.75,11.569175720214844,,23.61004638671875,
437,10.925315856933594,,18.632904052734375,
437.25,10.651931762695312,,15.086563110351562,
437.5,10.391326904296875,,11.619430541992188,
437.75,9.6350479125976562,,8.9162368774414062,
438,8.6488113403320312,,7.245269775390625,
438.25,7.6702499389648438,,6.3970108032226562,
438.5,6.8807525634765625,,5.9192276000976562,
438.75,6.1346969604492188,,5.5768585205078125,
439,5.5598220825195312,,5.295806884765625,
439.25,5.1178054809570312,,5.0505294799804688,
439.5,4.8980712890625,,4.7132644653320312,
439.75,4.7830963134765625,,4.347900390625,
440,4.7115631103515625,3.6764702796936035,4.0847320556640625,0
440.25,4.6911163330078125,,4.0949554443359375,
440.5,4.7090072631835938,,4.1639404296875,
440.75,4.7882080078125,,4.0847320556640625,
441,5.202117919921875,,4.1102828979492188,
441.25,6.2113418579101562,,4.6187286376953125,
441.5,7.3125457763671875,,5.8451309204101562,
441.75,8.2578964233398438,,7.3500289916992188,
442,8.9349746704101562,,9.1564102172851562,
442.25,9.6503753662109375,,10.883590698242188,
442.5,10.217582702636719,,12.462577819824219,
442.75,10.746467590332031,,13.502464294433594,
443,11.316230773925781,,14.580673217773438,
443.25,11.939651489257812,,15.709983825683594,
443.5,12.026527404785156,,16.021697998046875,
443.75,11.474647521972656,,14.677764892578125,
444,10.7490234375,,11.949028015136719,
444.25,9.8420028686523438,,9.388916015625,
444.5,8.8327713012695312,,7.2759323120117188,
444.75,7.7085723876953125,,6.2718124389648438,
445,6.839874267578125,,5.9498825073242188,
445.25,6.1985702514648438,,5.7505950927734375,
445.5,5.8127670288085938,,5.5640792846679688,
445.75,5.5112762451171875,,5.2651443481445312,
446,5.3451995849609375,,4.9713211059570312,
446.25,5.2506637573242188,,4.9508819580078125,
446.5,5.2097854614257812,,5.0096435546875,
446.75,5.1637954711914062,,5.0479736328125,
447,5.2455520629882812,,4.8870086669921875,
447.25,5.6594619750976562,,4.7669219970703125,
447.5,6.3825302124023438,,5.0428619384765625,
447.75,7.38153076171875,,5.5129776000976562,
448,8.2272415161132812,,6.1517333984375,
448.25,8.8506622314453125,,6.6908340454101562,
448.5,9.3182220458984375,,7.3525772094726562,
448.75,9.9058761596679688,,8.2979278564453125,
449,10.416877746582031,,9.636749267578125,
449.25,10.818008422851562,,10.9346923828125,
449.5,11.009635925292969,,11.867263793945312,
449.75,11.203811645507812,,12.641433715820312,
450,11.433761596679688,6.004002571105957,13.63787841796875,0
450.25,11.656051635742188,,14.399269104003906,
450.5,11.783798217773438,,14.695648193359375,
450.75,11.942207336425781,,14.8336181640625,
451,12.220703125,,15.492813110351562,
451.25,12.580955505371094,,16.384506225585938,
451.5,12.879890441894531,,17.030921936035156,
451.75,13.15838623046875,,17.516368865966797,
452,13.035751342773438,,17.94305419921875,
452.25,12.062294006347656,,16.928718566894531,
452.5,10.955978393554688,,14.187202453613281,
452.75,10.483306884765625,,11.317939758300781,
453,10.312118530273438,,8.5176620483398438,
453.25,9.2262420654296875,,6.7879257202148438,
453.5,7.833770751953125,,5.9447784423828125,
453.75,6.7044601440429688,,5.4439926147460938,
454,5.9226303100585938,,5.0965194702148438,
454.25,5.3349761962890625,,4.8946685791015625,
454.5,5.0130462646484375,,4.651947021484375,
454.75,4.8112030029296875,,4.4194412231445312,
455,4.6706771850585938,,4.1639404296875,
455.25,4.6911163330078125,,4.0872879028320312,
455.5,4.9696121215820312,,4.2686920166015625,
455.75,5.58026123046875,,4.567626953125,
456,6.6073684692382812,,4.9227752685546875,
456.25,7.9742965698242188,,5.45166015625,
456.5,8.937530517578125,,6.6780624389648438,
456.75,9.5558395385742188,,8.1344070434570312,
457,9.9441986083984375,,9.5779876708984375,
457.25,10.304450988769531,,10.610206604003906,
457.5,10.700477600097656,,11.667976379394531,
457.75,11.137382507324219,,12.656761169433594,
458,11.147605895996094,,12.960807800292969,
458.25,10.478195190429688,,11.696083068847656,
458.5,9.5941619873046875,,9.4195785522460938,
458.75,8.5006256103515625,,7.9300079345703125,
459,7.4811782836914062,,6.9999923706054688,
459.25,6.6635818481445312,,6.2922592163085938,
459.5,6.139801025390625,,5.5921859741210938,
459.75,5.7744369506835938,,5.1706085205078125,
460,5.4678421020507812,8.2720584869384766,4.82568359375,7.5376887321472168
460.25,5.1689071655273438,,4.4654312133789062,
460.5,4.9619522094726562,,3.9314346313476562,
460.75,4.7677688598632812,,3.5507431030273438,
461,4.66046142578125,,3.4229888916015625,
461.25,4.614471435546875,,3.308013916015625,
461.5,4.5480422973632812,,3.0346298217773438,
461.75,4.4330673217773438,,2.8149032592773438,
462,4.356414794921875,,2.8532257080078125,
462.25,4.4892730712890625,,3.3207931518554688,
462.5,5.148468017578125,,4.542083740234375,
462.75,5.9175186157226562,,6.2283782958984375,
463,6.2394485473632812,,7.945343017578125,
463.25,6.5256118774414062,,8.8498077392578125,
463.5,7.1873550415039062,,9.5882034301757812,
463.75,7.8567657470703125,,9.7159576416015625,
464,7.9564056396484375,,9.176849365234375,
464.25,7.9359664916992188,,8.5559844970703125,
464.5,8.0202865600585938,,7.9862213134765625,
464.75,8.7407913208007812,,8.3260345458984375,
465,9.2211380004882812,,9.59075927734375,
465.25,8.4725189208984375,,9.8079376220703125,
465.5,7.7213516235351562,,9.0593185424804688,
465.75,7.5731582641601562,,8.9596786499023438,
466,7.6063766479492188,,9.3122634887695312,
466.25,7.7928924560546875,,10.053215026855469,
466.5,7.723907470703125,,10.099205017089844,
466.75,7.5220565795898438,,8.8881378173828125,
467,8.2144622802734375,,7.4675521850585938,
467.25,8.1608123779296875,,5.8502426147460938,
467.5,8.0432815551757812,,5.1552810668945312,
467.75,9.2798995971679688,,8.027099609375,
468,10.651931762695312,,13.249519348144531,
468.25,11.860450744628906,,15.648666381835938,
468.5,10.925315856933594,,13.694091796875,
468.75,9.047393798828125,,10.87847900390625,
469,8.0662765502929688,,9.5933151245117188,
469.25,7.5373916625976562,,9.4221267700195312,
469.5,7.4914016723632812,,9.2662734985351562,
469.75,7.3968658447265625,,9.0261077880859375,
470,7.2691116333007812,9.6540622711181641,9.194732666015625,7.2522158622741699
470.25,7.1822433471679688,,9.66485595703125,
470.5,7.097930908203125,,9.7082901000976562,
470.75,7.0851516723632812,,9.51666259765625,
471,7.1285858154296875,,9.6265335083007812,
471.25,7.0340576171875,,9.5345535278320312,
471.5,6.9190826416015625,,9.3148193359375,
471.75,6.931854248046875,,9.2024002075195312,
472,7.059600830078125,,9.1257476806640625,
472.25,6.97784423828125,,8.8779144287109375,
472.5,6.5562667846679688,,8.4282379150390625,
472.75,6.1576919555664062,,8.2263870239257812,
473,6.27777099609375,,9.5600967407226562,
473.25,6.4745101928710938,,10.444129943847656,
473.5,6.2113418579101562,,9.0823135375976562,
473.75,5.79998779296875,,7.3116989135742188,
474,5.7591094970703125,,5.9524383544921875,
474.25,6.5843734741210938,,6.0878524780273438,
474.5,7.7750015258789062,,8.3515853881835938,
474.75,8.1224822998046875,,10.1605224609375,
475,8.6385955810546875,,11.0445556640625,
475.25,10.018295288085938,,12.797286987304688,
475.5,9.4638595581054688,,13.482025146484375,
475.75,9.0933837890625,,12.398704528808594,
476,10.613609313964844,,13.206085205078125,
476.25,10.416877746582031,,14.450370788574219,
476.5,8.753570556640625,,12.917373657226562,
476.75,7.8720932006835938,,10.331710815429688,
477,7.78778076171875,,8.4435653686523438,
477.25,8.0407257080078125,,7.8048171997070312,
477.5,8.1582565307617188,,7.5723114013671875,
477.75,8.1045989990234375,,7.6004180908203125,
478,8.091827392578125,,7.521209716796875,
478.25,8.017730712890625,,7.3500289916992188,
478.5,7.9921798706054688,,7.393463134765625,
478.75,7.8797607421875,,7.2784881591796875,
479,7.8005523681640625,,7.1890640258789062,
479.25,7.8107757568359375,,7.2503814697265625,
479.5,7.7520065307617188,,7.0510940551757812,
479.75,7.631927490234375,,6.951446533203125,
480,7.5527191162109375,9.8765430450439453,7.033203125,9.8765430450439453
480.25,7.5143966674804688,,6.933563232421875,
480.5,7.483734130859375,,6.6985015869140625,
480.75,7.7852249145507812,,6.6065216064453125,
481,8.9324188232421875,,7.0996322631835938,
481.25,10.248245239257812,,8.4921112060546875,
481.5,11.017295837402344,,10.525894165039062,
481.75,11.500190734863281,,11.790618896484375,
482,11.185928344726562,,11.231071472167969,
482.25,10.3453369140625,,9.2253952026367188,
482.5,9.7960128784179688,,7.429229736328125,
482.75,9.47918701171875,,6.7061691284179688,
483,9.2747879028320312,,6.4659957885742188,
483.25,9.139373779296875,,6.289703369140625,
483.5,9.0729446411132812,,6.6499557495117188,
483.75,9.0857162475585938,,7.2478256225585938,
484,8.9528579711914062,,7.0689773559570312,
484.25,8.6718063354492188,,6.6806182861328125,
484.5,8.5082931518554688,,6.6320724487304688,
484.75,8.4393081665039062,,6.8058090209960938,
485,8.7126922607421875,,7.5901947021484375,
485.25,9.8675460815429688,,9.6444168090820312,
485.5,10.861442565917969,,12.079330444335938,
485.75,10.526741027832031,,11.94647216796875,
486,9.6018295288085938,,9.9842300415039062,
486.25,8.9503021240234375,,8.2800445556640625,
486.5,8.6283721923828125,,7.117523193359375,
486.75,8.3907623291015625,,6.7981491088867188,
487,8.3141098022460938,,6.8109207153320312,
487.25,8.8557662963867188,,7.3346939086914062,
487.5,10.238021850585938,,8.8753585815429688,
487.75,11.390327453613281,,10.541221618652344,
488,10.966201782226562,,10.54888916015625,
488.25,9.8649978637695312,,8.9060211181640625,
488.5,9.44342041015625,,7.7894821166992188,
488.75,10.296791076660156,,8.8855819702148438,
489,11.053070068359375,,10.469680786132812,
489.25,10.536956787109375,,10.096649169921875,
489.5,9.7423553466796875,,8.74505615234375,
489.75,9.2185821533203125,,7.8789138793945312,
490,8.881317138671875,4.4444446563720703,7.2580490112304688,15.873016357421875
490.25,8.6590347290039062,,6.8671340942382812,
490.5,8.6667022705078125,,6.7266082763671875,
490.75,8.5312881469726562,,6.27947998046875,
491,8.3268814086914062,,5.405670166015625,
491.25,8.1991348266601562,,4.8767852783203125,
491.5,8.109710693359375,,4.6417236328125,
491.75,8.1965789794921875,,4.6621627807617188,
492,8.8046722412109375,,5.3954544067382812,
492.25,9.7679061889648438,,6.7751541137695312,
492.5,10.490966796875,,9.1231918334960938,
492.75,11.150161743164062,,11.499343872070312,
493,11.035186767578125,,11.509567260742188,
493.25,10.166481018066406,,9.268829345703125,
493.5,9.425537109375,,7.34747314453125,
493.75,8.937530517578125,,6.6218490600585938,
