Datensatz 1:Zeit(s),Datensatz 1:Kraft(N),Datensatz 1:Force 2(N)
0,9.8420028686523438,3.2466964721679688
0.5,9.4459762573242188,3.0371856689453125
1,9.0959396362304688,2.8813323974609375
1.5,11.063285827636719,5.6100692749023438
2,14.522758483886719,11.064994812011719
2.5,18.357814788818359,16.798416137695312
3,18.881587982177734,18.816864013671875
3.5,14.709274291992188,14.279182434082031
4,11.267692565917969,8.4180145263671875
4.5,10.051506042480469,5.2881393432617188
5,9.3591079711914062,3.6171722412109375
5.5,8.8787612915039062,2.7152557373046875
6,8.54150390625,2.3013458251953125
6.5,8.8327713012695312,2.518524169921875
7,10.008071899414062,3.4485397338867188
7.5,10.590614318847656,3.990203857421875
8,9.7781219482421875,3.1955947875976562
8.5,8.8736572265625,2.38055419921875
9,8.7050247192382812,2.2579116821289062
9.5,9.8164520263671875,2.9477615356445312
10,10.955978393554688,3.831787109375
10.5,10.25335693359375,3.4255447387695312
11,8.8889846801757812,2.444427490234375
11.5,8.4444122314453125,2.1710433959960938
12,9.4229812622070312,2.8327865600585938
12.5,10.575286865234375,3.81390380859375
13,10.023406982421875,3.5124130249023438
13.5,8.7918930053710938,2.5287399291992188
14,8.4648513793945312,2.2579116821289062
14.5,9.6197128295898438,3.0601806640625
15,10.692817687988281,3.9850921630859375
15.5,10.025962829589844,3.6197280883789062
16,8.8327713012695312,2.6897048950195312
16.5,9.0448379516601562,2.656494140625
17,10.580390930175781,3.675933837890625
17.5,11.058181762695312,4.1026229858398438
18,9.8496627807617188,3.162384033203125
18.5,8.6411514282226562,2.2068099975585938
19,8.421417236328125,2.130157470703125
19.5,9.4664154052734375,2.9349822998046875
20,11.009635925292969,4.337677001953125
20.5,10.667266845703125,4.18182373046875
21,9.065277099609375,2.8430023193359375
21.5,8.22979736328125,2.2272491455078125
22,8.5159530639648438,2.3498916625976562
22.5,9.8445510864257812,3.2799072265625
23,10.266128540039062,3.7474746704101562
23.5,9.16748046875,2.9809722900390625
24,8.19146728515625,2.222137451171875
24.5,8.2093582153320312,2.1889266967773438
25,9.691253662109375,3.141937255859375
25.5,11.183372497558594,4.3555679321289062
26,10.585502624511719,4.0285263061523438
26.5,9.0320663452148438,2.794464111328125
27,8.1684722900390625,2.1710433959960938
27.5,8.70758056640625,2.5798416137695312
28,10.411766052246094,3.9186630249023438
28.5,11.022407531738281,4.6749420166015625
29,9.7781219482421875,3.831787109375
29.5,8.385650634765625,2.738250732421875
30,8.2527923583984375,2.4750823974609375
30.5,9.9569778442382812,3.456207275390625
31,11.221702575683594,4.5446319580078125
31.5,10.161376953125,3.9493179321289062
32,8.5747222900390625,2.664154052734375
32.5,8.063720703125,2.2553558349609375
33,9.0703887939453125,3.0525131225585938
33.5,10.386215209960938,4.3044662475585938
34,10.025962829589844,4.153717041015625
34.5,8.6462631225585938,2.9298782348632812
35,7.999847412109375,2.4367599487304688
35.5,8.9503021240234375,3.1547164916992188
36,10.488410949707031,4.5982894897460938
36.5,10.225250244140625,4.4730987548828125
37,8.7765655517578125,2.9656448364257812
37.5,8.2962265014648438,2.3933258056640625
38,9.563507080078125,3.4306564331054688
38.5,10.588058471679688,4.5522994995117188
39,9.6784820556640625,3.8931121826171875
39.5,8.3626556396484375,2.5977249145507812
40,8.4444122314453125,2.5670623779296875
40.5,10.243133544921875,4.358123779296875
41,10.98919677734375,5.3392410278320312
41.5,9.673370361328125,3.9288787841796875
42,8.2706756591796875,2.4290924072265625
42.5,8.2885589599609375,2.4495391845703125
43,9.8803253173828125,3.8496780395507812
43.5,10.421981811523438,4.5395278930664062
44,9.0959396362304688,3.3897781372070312
44.5,8.0407257080078125,2.3856582641601562
45,8.6845855712890625,2.9145431518554688
45.5,10.21502685546875,4.4168853759765625
46,10.074501037597656,4.4807586669921875
46.5,8.5440597534179688,3.0295181274414062
47,7.961517333984375,2.3933258056640625
47.5,9.3028945922851562,3.4408721923828125
48,10.626380920410156,4.7515869140625
48.5,9.8036727905273438,4.08984375
49,8.2221298217773438,2.5312957763671875
49.5,8.2604522705078125,2.30645751953125
50,10.416877746582031,3.951873779296875
50.5,11.489974975585938,5.1195144653320312
51,10.17926025390625,3.9391021728515625
51.5,8.6769180297851562,2.4750823974609375
52,8.2502365112304688,2.1761474609375
52.5,9.5762786865234375,3.1828231811523438
53,11.1910400390625,4.7388153076171875
53.5,10.659599304199219,4.521636962890625
54,8.8685455322265625,2.9554290771484375
54.5,8.0790481567382812,2.2144775390625
55,9.2798995971679688,3.032073974609375
55.5,10.812896728515625,4.3990020751953125
56,10.258460998535156,4.1946029663085938
56.5,8.6692581176757812,2.89410400390625
57,8.1301498413085938,2.406097412109375
57.5,9.3437728881835938,3.44598388671875
58,10.63916015625,4.9943161010742188
58.5,10.169036865234375,4.7592544555664062
59,8.9349746704101562,3.0678482055664062
59.5,8.1710281372070312,2.168487548828125
60,8.9477462768554688,3.3769989013671875
60.5,10.248245239257812,5.2881393432617188
61,9.6222686767578125,4.8946685791015625
61.5,7.9921798706054688,3.2594680786132812
62,7.7060165405273438,2.922210693359375
62.5,8.96563720703125,3.9825363159179688
63,10.140937805175781,5.1527252197265625
63.5,9.9876327514648438,4.9764328002929688
64,8.8251113891601562,3.8445663452148438
64.5,7.593597412109375,2.876220703125
65,7.575714111328125,2.7970123291015625
65.5,8.9911880493164062,3.842010498046875
66,9.875213623046875,4.8972244262695312
66.5,9.489410400390625,4.8282394409179688
67,9.0218429565429688,4.347900390625
67.5,8.8864288330078125,4.1690521240234375
68,9.0422821044921875,4.2252578735351562
68.5,9.7909011840820312,4.4143295288085938
69,11.433761596679688,5.2472610473632812
69.5,13.339797973632812,7.3065872192382812
70,14.154838562011719,8.9877777099609375
70.5,13.27081298828125,8.3107070922851562
71,11.17315673828125,6.049530029296875
71.5,9.3131179809570312,3.9569854736328125
72,8.1991348266601562,2.6845932006835938
72.5,7.427520751953125,2.1173858642578125
73,7.0161666870117188,1.97430419921875
73.5,7.9666290283203125,2.5159683227539062
74,10.217582702636719,3.8496780395507812
74.5,12.11083984375,5.5359725952148438
75,13.135391235351562,7.485443115234375
75.5,13.771591186523438,9.1921768188476562
76,14.162506103515625,10.403251647949219
76.5,14.274925231933594,11.351158142089844
77,14.405227661132812,12.219856262207031
77.5,14.660728454589844,12.848388671875
78,14.893234252929688,13.068115234375
78.5,14.474212646484375,12.176422119140625
79,12.706153869628906,9.5498809814453125
79.5,10.549736022949219,6.3740158081054688
80,9.44342041015625,4.2814712524414062
80.5,8.9937362670898438,3.2237014770507812
81,8.2911148071289062,2.4316482543945312
81.5,7.63958740234375,2.1352691650390625
82,7.4019775390625,2.1991424560546875
82.5,7.2946624755859375,2.1787033081054688
83,8.9962921142578125,3.5456314086914062
83.5,11.87066650390625,7.3602447509765625
84,13.549301147460938,11.353713989257812
84.5,14.6121826171875,14.455482482910156
85,15.399124145507812,16.969596862792969
85.5,16.017433166503906,18.980384826660156
86,16.14007568359375,19.539928436279297
86.5,15.061866760253906,17.416725158691406
87,12.223258972167969,11.678192138671875
87.5,9.9339828491210938,5.5794143676757812
88,9.0320663452148438,2.8072357177734375
88.5,7.7085723876953125,2.0075225830078125
89,6.6584701538085938,1.818450927734375
89.5,6.3493118286132812,1.7034759521484375
90,7.3329925537109375,2.242584228515625
90.5,9.9109878540039062,4.4424362182617188
91,12.550300598144531,9.3378143310546875
91.5,14.737380981445312,16.8214111328125
92,16.416015625,22.567604064941406
92.5,17.052207946777344,24.149150848388672
93,16.668960571289062,22.521614074707031
93.5,14.985214233398438,18.47705078125
94,11.9268798828125,12.835609436035156
94.5,9.6120529174804688,7.5825271606445312
95,9.1163787841796875,4.376007080078125
95.5,8.3498764038085938,2.5619583129882812
96,7.12603759765625,1.9334259033203125
96.5,6.4796218872070312,1.7801284790039062
97,6.3365402221679688,1.762237548828125
97.5,8.2144622802734375,3.2390289306640625
98,11.451652526855469,8.7757186889648438
98.5,13.912117004394531,17.812751770019531
99,15.493659973144531,25.840560913085938
99.5,16.559093475341797,31.407905578613281
100,17.343479156494141,35.000232696533203
100.5,17.920909881591797,36.507682800292969
101,17.225948333740234,33.628200531005859
101.5,14.22637939453125,25.439426422119141
102,11.027519226074219,16.703880310058594
102.5,9.25946044921875,10.385368347167969
103,8.6207122802734375,6.2283782958984375
103.5,8.4699630737304688,3.9672088623046875
104,7.9410781860351562,2.9247665405273438
104.5,7.0544967651367188,2.12249755859375
105,6.4182968139648438,1.5961685180664062
105.5,5.8919677734375,1.3381118774414062
106,5.3451995849609375,0.9855194091796875
106.5,4.91851806640625,0.62015533447265625
107,4.6860122680664062,0.55628204345703125
107.5,4.66046142578125,0.76323699951171875
108,4.780548095703125,1.1311569213867188
108.5,5.128021240234375,1.7980117797851562
109,6.0606002807617188,3.0244140625
109.5,7.1132583618164062,4.1128387451171875
110,7.4070816040039062,4.0310821533203125
110.5,7.7009124755859375,4.3351287841796875
111,8.4367523193359375,5.1578369140625
111.5,8.4699630737304688,4.62384033203125
112,7.8133316040039062,3.30035400390625
112.5,7.355987548828125,2.5951690673828125
113,7.4965057373046875,2.738250732421875
113.5,8.5670547485351562,4.0489654541015625
114,9.0346221923828125,4.7107086181640625
114.5,8.33966064453125,3.7270355224609375
115,7.8031082153320312,2.71014404296875
115.5,7.9283065795898438,2.63604736328125
116,8.9809646606445312,3.8624496459960938
116.5,9.5149612426757812,4.2763595581054688
117,8.9707412719726562,3.364227294921875
117.5,8.5287322998046875,2.7356948852539062
118,8.2400131225585938,2.4086532592773438
118.5,8.04583740234375,2.2579116821289062
119,8.3600997924804688,2.3856582641601562
119.5,9.0703887939453125,2.8378982543945312
120,9.1163787841796875,2.89410400390625
120.5,8.55938720703125,2.4546432495117188
121,8.2885589599609375,2.2732391357421875
121.5,8.9170913696289062,2.8711090087890625
122,10.250801086425781,4.3708953857421875
122.5,10.485862731933594,4.5625228881835938
123,9.645263671875,3.4766464233398438
123.5,9.4638595581054688,3.2415847778320312
124,10.802680969238281,4.337677001953125
124.5,11.165489196777344,4.4833145141601562
125,9.7602386474609375,3.1317214965820312
125.5,9.747467041015625,3.2288131713867188
126,10.751579284667969,4.47564697265625
126.5,10.335113525390625,4.245697021484375
127,9.7065811157226562,3.5711822509765625
127.5,10.623832702636719,4.2227020263671875
128,10.646827697753906,4.0872879028320312
128.5,9.1061630249023438,2.848114013671875
129,8.183807373046875,2.2527999877929688
129.5,9.0422821044921875,2.8046798706054688
130,10.414321899414062,3.7168121337890625
130.5,10.066841125488281,3.438323974609375
131,8.955413818359375,2.6411590576171875
131.5,8.827667236328125,2.6309432983398438
132,10.048957824707031,3.5890655517578125
132.5,11.244697570800781,4.634063720703125
133,10.741355895996094,4.1716079711914062
133.5,9.3667678833007812,3.0627365112304688
134,8.4009780883789062,2.4546432495117188
134.5,8.661590576171875,2.7126998901367188
135,10.156265258789062,3.9672088623046875
135.5,10.91510009765625,4.6723861694335938
136,9.9518661499023438,3.7653579711914062
136.5,8.6692581176757812,2.7050323486328125
137,8.41375732421875,2.5466232299804688
137.5,9.5558395385742188,3.3412322998046875
138,10.935539245605469,4.5190887451171875
138.5,10.85888671875,4.4935379028320312
139,9.55328369140625,3.4281005859375
139.5,8.3473281860351562,2.5798416137695312
140,8.5312881469726562,2.6667098999023438
140.5,10.245689392089844,3.9876480102539062
141,11.684150695800781,5.43377685546875
141.5,11.196151733398438,4.9125595092773438
142,9.6989212036132812,3.3412322998046875
142.5,8.6999130249023438,2.5696182250976562
143,8.6079330444335938,2.5287399291992188
143.5,9.6605911254882812,3.3412322998046875
144,10.976417541503906,4.54974365234375
144.5,10.669822692871094,4.3095779418945312
145,9.1700363159179688,3.07806396484375
145.5,8.2042465209960938,2.462310791015625
146,8.6769180297851562,2.7356948852539062
146.5,10.128158569335938,3.8394546508789062
147,10.490966796875,4.3683395385742188
147.5,9.3591079711914062,3.5532989501953125
148,8.2144622802734375,2.6207199096679688
148.5,8.4290847778320312,2.738250732421875
149,9.9263153076171875,3.8931121826171875
149.5,10.927871704101562,4.8307952880859375
150,10.079612731933594,4.1307220458984375
150.5,8.6002731323242188,2.8787765502929688
151,8.753570556640625,2.8021240234375
151.5,10.347892761230469,3.9850921630859375
152,10.669822692871094,4.4935379028320312
152.5,9.2083587646484375,3.4970855712890625
153,8.0330581665039062,2.5772857666015625
153.5,8.789337158203125,3.0601806640625
154,10.554847717285156,4.5855178833007812
154.5,10.718360900878906,4.9329986572265625
155,9.1163787841796875,3.7091522216796875
155.5,8.3447723388671875,3.0755081176757812
156,9.7142486572265625,4.2584762573242188
156.5,10.646827697753906,5.2549285888671875
157,9.6222686767578125,4.2763595581054688
157.5,8.26556396484375,2.9375381469726562
158,8.7152481079101562,3.22625732421875
158.5,10.478195190429688,4.7592544555664062
159,10.544624328613281,4.9585494995117188
159.5,9.0525054931640625,3.6887130737304688
160,7.91552734375,2.74847412109375
160.5,8.0151748657226562,2.794464111328125
161,9.2236862182617188,3.6350555419921875
161.5,10.184371948242188,4.4986419677734375
162,9.66314697265625,4.1946029663085938
162.5,8.2170181274414062,3.0014190673828125
163,7.9461898803710938,2.702484130859375
163.5,9.4280929565429688,3.88800048828125
164,10.273796081542969,4.818023681640625
164.5,9.0065155029296875,3.8087921142578125
165,7.5680465698242188,2.52618408203125
165.5,7.8644256591796875,2.6948165893554688
166,9.415313720703125,4.3530120849609375
166.5,9.8190078735351562,5.0479736328125
167,8.4904022216796875,3.5711822509765625
167.5,7.4019775390625,2.3626632690429688
168,8.2911148071289062,3.0244140625
168.5,9.8598861694335938,4.5114212036132812
169,9.3999862670898438,4.2865829467773438
169.5,7.723907470703125,2.6948165893554688
170,7.6165924072265625,2.4086532592773438
170.5,9.1776962280273438,3.76025390625
171,9.79345703125,4.4807586669921875
171.5,8.52362060546875,3.392333984375
172,7.4224166870117188,2.2911224365234375
172.5,8.4878463745117188,2.7970123291015625
173,10.347892761230469,4.1843795776367188
173.5,9.9007644653320312,4.1051788330078125
174,8.0432815551757812,2.7970123291015625
174.5,7.4300765991210938,2.2706832885742188
175,8.9298629760742188,3.1904830932617188
175.5,10.705589294433594,4.5650787353515625
176,10.061729431152344,4.135833740234375
176.5,8.1812515258789062,2.6411590576171875
177,7.8439865112304688,2.2170333862304688
177.5,9.6886978149414062,3.3565597534179688
178,11.09906005859375,4.47564697265625
178.5,9.9058761596679688,3.73980712890625
179,7.9845123291015625,2.370330810546875
179.5,7.6421432495117188,2.168487548828125
180,9.0959396362304688,3.3207931518554688
180.5,10.202255249023438,4.3811187744140625
181,9.1189346313476562,3.5737380981445312
181.5,7.5552749633789062,2.278350830078125
182,7.6344757080078125,2.3294525146484375
182.5,9.2364654541015625,3.6529388427734375
183,10.350440979003906,4.797576904296875
183.5,9.065277099609375,3.5251922607421875
184,7.1388092041015625,1.6830368041992188
184.5,7.1950225830078125,2.1250534057617188
185,8.4444122314453125,4.1843795776367188
185.5,8.513397216796875,4.6085128784179688
186,7.2001266479492188,3.0525131225585938
186.5,6.4004135131835938,2.3320083618164062
187,7.34576416015625,3.1904830932617188
187.5,8.74334716796875,4.33001708984375
188,8.4469680786132812,3.7628021240234375
188.5,7.281890869140625,2.4699783325195312
189,6.6405868530273438,1.8133392333984375
189.5,7.2026824951171875,2.2706832885742188
190,8.3166656494140625,3.2824630737304688
190.5,8.3243331909179688,3.2671356201171875
191,7.5143966674804688,2.5440673828125
191.5,6.8986358642578125,2.030517578125
192,6.7095718383789062,1.7009201049804688
192.5,7.3125457763671875,2.1327133178710938
193,7.9129714965820312,2.8149032592773438
193.5,8.8378829956054688,3.44598388671875
194,11.047958374023438,5.5845184326171875
194.5,13.206932067871094,9.1206436157226562
195,13.487983703613281,10.21673583984375
195.5,11.387771606445312,7.263153076171875
196,9.2083587646484375,4.347900390625
196.5,8.0023956298828125,2.9349822998046875
197,7.115814208984375,2.1454925537109375
197.5,7.5552749633789062,2.242584228515625
198,9.6861419677734375,4.1230621337890625
198.5,11.916656494140625,8.6581878662109375
199,13.730712890625,15.451927185058594
199.5,15.813034057617188,22.794998168945312
200,17.573429107666016,29.412448883056641
200.5,18.454902648925781,35.667091369628906
201,18.761505126953125,39.024360656738281
201.5,16.318923950195312,32.823375701904297
202,11.538520812988281,19.332973480224609
202.5,8.937530517578125,8.9111328125
203,8.4086456298828125,4.0668487548828125
203.5,7.373870849609375,2.2119216918945312
204,6.2573318481445312,1.8414459228515625
204.5,5.7846603393554688,1.6958084106445312
205,6.673797607421875,2.6258316040039062
205.5,9.0959396362304688,11.0087890625
206,13.040855407714844,31.507549285888672
206.5,19.632759094238281,55.054428100585938
207,24.30841064453125,68.739006042480469
207.5,23.237865447998047,68.05682373046875
208,20.148868560791016,59.400482177734375
208.5,15.383796691894531,42.611579895019531
209,10.588058471679688,19.989608764648438
209.5,8.7791213989257812,6.1134033203125
210,7.5322799682617188,2.3652191162109375
210.5,6.104034423828125,1.7724609375
211,5.3094329833984375,1.3687744140625
211.5,5.0334930419921875,1.1030502319335938
212,5.056488037109375,1.210357666015625
212.5,6.02227783203125,2.0407333374023438
213,8.789337158203125,4.2789154052734375
213.5,11.581954956054688,8.7757186889648438
214,13.291252136230469,15.799407958984375
214.5,14.77825927734375,22.350429534912109
215,15.979110717773438,26.977535247802734
215.5,17.070095062255859,30.715499877929688
216,17.780384063720703,32.810600280761719
216.5,17.936237335205078,33.239841461181641
217,18.651638031005859,35.357933044433594
217.5,19.916362762451172,39.946712493896484
218,21.183643341064453,44.36175537109375
218.5,20.023674011230469,42.841529846191406
219,15.148735046386719,31.683845520019531
219.5,10.820564270019531,17.748874664306641
220,9.3948745727539062,8.3107070922851562
220.5,9.1802520751953125,4.1409454345703125
221,8.3703231811523438,2.756134033203125
221.5,7.2282333374023438,2.2170333862304688
222,6.5792617797851562,1.9640884399414062
222.5,6.3084335327148438,1.9794158935546875
223,7.3048858642578125,3.7168121337890625
223.5,10.117942810058594,12.776847839355469
224,14.2825927734375,29.192718505859375
224.5,19.671085357666016,45.864093780517578
225,24.012027740478516,56.597648620605469
225.5,24.451488494873047,58.488349914550781
226,20.161643981933594,49.791130065917969
226.5,14.234046936035156,33.377811431884766
227,10.536956787109375,17.549583435058594
227.5,8.9630813598632812,7.9785537719726562
228,8.1940231323242188,4.284027099609375
228.5,7.427520751953125,2.848114013671875
229,6.5511627197265625,1.9513092041015625
229.5,5.8510894775390625,1.3100051879882812
230,5.3451995849609375,1.0340652465820312
230.5,4.9568405151367188,1.008514404296875
231,4.5914764404296875,0.99318695068359375
231.5,4.3538589477539062,1.0059585571289062
232,4.3717422485351562,1.1873626708984375
232.5,4.816314697265625,1.6574859619140625
233,5.828094482421875,2.6386032104492188
233.5,6.3288726806640625,2.996307373046875
234,6.5205001831054688,2.7867965698242188
234.5,7.2205657958984375,3.2390289306640625
235,7.501617431640625,3.6043930053710938
235.5,7.4786224365234375,3.59417724609375
236,7.6344757080078125,3.6350555419921875
236.5,7.4300765991210938,3.180267333984375
237,7.0008392333984375,2.590057373046875
237.5,6.9982833862304688,2.5389633178710938
238,7.2103500366210938,2.7689132690429688
238.5,7.189910888671875,2.8532257080078125
239,7.0902633666992188,2.7152557373046875
239.5,7.0851516723632812,2.6207199096679688
240,7.189910888671875,2.5619583129882812
240.5,7.7443466186523438,2.8251190185546875
241,8.1224822998046875,3.1010589599609375
241.5,7.9487457275390625,3.0525131225585938
242,7.7928924560546875,2.9426498413085938
242.5,7.6728057861328125,2.7893524169921875
243,7.69580078125,2.7178115844726562
243.5,8.4469680786132812,2.9375381469726562
244,9.25946044921875,3.216033935546875
244.5,9.18536376953125,3.0474090576171875
245,8.9222030639648438,2.8353424072265625
245.5,8.7101364135742188,2.7433624267578125
246,8.54150390625,2.7178115844726562
246.5,8.4469680786132812,2.72802734375
247,8.3805389404296875,2.7050323486328125
247.5,8.5159530639648438,2.7535781860351562
248,9.4970779418945312,3.4434280395507812
248.5,11.096504211425781,4.8282394409179688
249,11.489974975585938,5.1220626831054688
249.5,10.360664367675781,3.7883529663085938
250,9.2517929077148438,2.7126998901367188
250.5,8.8302230834960938,2.4827499389648438
251,9.5941619873046875,2.922210693359375
251.5,10.613609313964844,3.6248321533203125
252,10.192031860351562,3.3182373046875
252.5,9.3514404296875,2.6590423583984375
253,9.121490478515625,2.5517349243164062
253.5,9.4638595581054688,2.9068832397460938
254,9.645263671875,3.1214981079101562
254.5,9.2441329956054688,2.8149032592773438
255,9.2517929077148438,2.8378982543945312
255.5,10.255912780761719,3.7091522216796875
256,11.091392517089844,4.4066619873046875
256.5,10.526741027832031,3.6836013793945312
257,9.645263671875,2.74847412109375
257.5,9.2262420654296875,2.50830078125
258,9.0933837890625,2.5440673828125
258.5,9.967193603515625,3.3437881469726562
259,11.101615905761719,4.5114212036132812
259.5,10.818008422851562,4.393890380859375
260,9.9697494506835938,3.5328521728515625
260.5,9.535400390625,3.0576248168945312
261,9.341217041015625,2.9017715454101562
261.5,9.3028945922851562,2.9068832397460938
262,9.535400390625,3.0908432006835938
262.5,10.733695983886719,4.33001708984375
263,11.063285827636719,4.6161727905273438
263.5,10.036178588867188,3.456207275390625
264,9.3182220458984375,2.702484130859375
264.5,8.9911880493164062,2.4367599487304688
265,8.9477462768554688,2.4290924072265625
265.5,9.8190078735351562,3.0755081176757812
266,11.019851684570312,4.0464096069335938
266.5,10.654487609863281,3.7295913696289062
267,9.55328369140625,2.8021240234375
267.5,9.0397262573242188,2.4725341796875
268,9.0908279418945312,2.5466232299804688
268.5,10.138381958007812,3.2977981567382812
269,11.722480773925781,4.6417236328125
269.5,11.633056640625,4.5701828002929688
270,10.291679382324219,3.290130615234375
270.5,9.4102020263671875,2.5696182250976562
271,9.5405120849609375,2.6871490478515625
271.5,10.542068481445312,3.509857177734375
272,10.427093505859375,3.52008056640625
272.5,9.2287979125976562,2.6871490478515625
273,9.3207778930664062,2.7075881958007812
273.5,10.820564270019531,3.77813720703125
274,11.129722595214844,4.0770721435546875
274.5,9.8445510864257812,3.1368331909179688
275,8.7586822509765625,2.462310791015625
275.5,8.5338363647460938,2.5287399291992188
276,9.7168045043945312,4.3990020751953125
276.5,11.231918334960938,6.3765716552734375
277,11.653495788574219,5.4209976196289062
277.5,10.789901733398438,3.5354080200195312
278,10.018295288085938,2.7075881958007812
278.5,11.229362487792969,3.2466964721679688
279,12.657608032226562,4.5063095092773438
279.5,11.811904907226562,4.1256179809570312
280,9.7576828002929688,2.8072357177734375
280.5,8.6232681274414062,2.3039016723632812
281,9.3156661987304688,2.6667098999023438
281.5,10.807792663574219,3.714263916015625
282,10.718360900878906,3.859893798828125
282.5,9.3488845825195312,3.0014190673828125
283,8.6130447387695312,2.6181640625
283.5,9.2569046020507812,3.5762939453125
284,10.84100341796875,5.7531509399414062
284.5,11.50274658203125,5.9038925170898438
285,10.539512634277344,3.6503829956054688
285.5,9.3667678833007812,2.3039016723632812
286,9.6120529174804688,2.4571990966796875
286.5,11.124610900878906,3.6733779907226562
287,11.431205749511719,4.1946029663085938
287.5,10.023406982421875,3.198150634765625
288,8.8481063842773438,2.314117431640625
288.5,9.4229812622070312,2.6130523681640625
289,11.086280822753906,3.8956680297851562
289.5,11.277908325195312,4.1664962768554688
290,9.9620819091796875,3.1138381958007812
290.5,9.0857162475585938,2.6769332885742188
291,9.5149612426757812,3.474090576171875
291.5,10.690261840820312,4.7822494506835938
292,10.869110107421875,4.7541427612304688
292.5,9.6835861206054688,3.3616714477539062
293,8.6028213500976562,2.3933258056640625
293.5,8.1531448364257812,1.9640884399414062
294,8.8864288330078125,2.4469833374023438
294.5,10.728584289550781,4.03619384765625
295,11.46697998046875,4.8767852783203125
295.5,10.429649353027344,3.9033279418945312
296,8.9937362670898438,2.5772857666015625
296.5,8.3728713989257812,2.1199417114257812
297,9.3361129760742188,2.774017333984375
297.5,11.147605895996094,4.1435012817382812
298,11.290687561035156,4.2891387939453125
298.5,9.709136962890625,3.1010589599609375
299,8.4980697631835938,2.2553558349609375
299.5,8.5338363647460938,2.1020584106445312
300,9.645263671875,3.1828231811523438
300.5,10.281455993652344,4.0949554443359375
301,9.5328445434570312,3.1444931030273438
301.5,8.4980697631835938,2.076507568359375
302,8.6283721923828125,2.3396682739257812
302.5,9.8445510864257812,3.842010498046875
303,10.184371948242188,4.4909820556640625
303.5,9.00140380859375,3.2671356201171875
304,7.7366790771484375,2.2298049926757812
304.5,7.9896240234375,2.2655792236328125
305,9.9697494506835938,3.4868621826171875
305.5,10.777130126953125,4.0872879028320312
306,9.5609512329101562,3.1904830932617188
306.5,8.3038864135742188,2.314117431640625
307,8.3268814086914062,2.250244140625
307.5,9.8420028686523438,3.18792724609375
308,10.585502624511719,3.7576980590820312
308.5,9.9927444458007812,3.2364730834960938
309,9.5967178344726562,2.812347412109375
309.5,9.3361129760742188,2.7050323486328125
310,8.8148880004882812,2.4214324951171875
310.5,9.07550048828125,2.590057373046875
311,11.009635925292969,3.9058837890625
311.5,13.444549560546875,6.8645782470703125
312,15.000541687011719,10.18096923828125
312.5,14.349021911621094,9.9101333618164062
313,12.064849853515625,6.2692642211914062
313.5,10.061729431152344,3.272247314453125
314,8.6283721923828125,2.0662841796875
314.5,8.1352615356445312,1.9257583618164062
315,9.6120529174804688,2.82000732421875
315.5,12.041854858398438,4.6391677856445312
316,13.431777954101562,6.1134033203125
316.5,12.803245544433594,5.4005584716796875
317,10.848670959472656,3.2926864624023438
317.5,9.2211380004882812,2.23236083984375
318,8.367767333984375,2.058624267578125
318.5,9.7142486572265625,3.3131256103515625
319,12.813461303710938,7.6617355346679688
319.5,15.547317504882812,12.891822814941406
320,16.362358093261719,14.879608154296875
320.5,13.93255615234375,11.491683959960938
321,10.963645935058594,6.5579757690429688
321.5,9.783233642578125,4.0029754638671875
322,8.8046722412109375,2.8966598510742188
322.5,7.3304367065429688,2.5134124755859375
323,5.9507369995117188,2.406097412109375
323.5,5.6926803588867188,2.774017333984375
324,8.5159530639648438,9.5217742919921875
324.5,14.499763488769531,32.805488586425781
325,22.849502563476562,63.061798095703125
325.5,26.178668975830078,75.936439514160156
326,23.196983337402344,73.4478759765625
326.5,20.946029663085938,69.05072021484375
327,16.17584228515625,50.647056579589844
327.5,10.756690979003906,21.221118927001953
328,7.91552734375,4.7924728393554688
328.5,4.742218017578125,0.98296356201171875
329,2.516815185546875,0.9318695068359375
329.5,2.0518035888671875,1.7366943359375
330,2.0058135986328125,1.8414459228515625
330.5,1.9598236083984375,1.8440017700195312
331,2.000701904296875,1.88232421875
331.5,2.148895263671875,3.5379638671875
332,1.872955322265625,14.452926635742188
332.5,3.3548583984375,37.110664367675781
333,7.8056640625,55.87713623046875
333.5,13.099624633789062,64.7991943359375
334,16.796707153320312,70.588829040527344
334.5,17.606643676757812,72.229141235351562
335,17.499332427978516,71.562286376953125
335.5,17.236167907714844,70.918426513671875
336,16.413459777832031,69.127365112304688
336.5,13.539085388183594,54.272598266601562
337,9.047393798828125,23.581939697265625
337.5,5.771881103515625,3.8650054931640625
338,4.0421524047851562,0.9037628173828125
338.5,3.3650741577148438,0.60227203369140625
339,3.3676300048828125,0.7019195556640625
339.5,3.6614532470703125,0.96508026123046875
340,3.96038818359375,1.1950302124023438
340.5,4.9364013671875,1.928314208984375
341,7.5552749633789062,3.0908432006835938
341.5,10.669822692871094,4.5318603515625
342,12.494087219238281,6.067413330078125
342.5,12.698486328125,6.0290908813476562
343,11.040290832519531,4.0847320556640625
343.5,8.881317138671875,2.5926132202148438
344,7.6702499389648438,2.1889266967773438
344.5,6.921630859375,1.9768600463867188
345,6.988067626953125,2.4776382446289062
345.5,8.6079330444335938,3.7117080688476562
346,10.687705993652344,5.6305084228515625
346.5,12.246253967285156,8.1906204223632812
347,12.895225524902344,9.00311279296875
347.5,11.433761596679688,6.1517333984375
348,9.103607177734375,3.180267333984375
348.5,7.4045257568359375,2.4342041015625
349,6.231781005859375,2.1761474609375
349.5,5.9251861572265625,2.242584228515625
350,6.0989227294921875,2.6028366088867188
350.5,6.4975051879882812,2.5875091552734375
351,6.7274551391601562,2.2400283813476562
351.5,6.673797607421875,2.0279617309570312
352,6.9471817016601562,2.3243408203125
352.5,7.2282333374023438,2.85833740234375
353,7.4965057373046875,3.0090789794921875
353.5,8.0279464721679688,3.0729522705078125
354,8.2808914184570312,3.2492523193359375
354.5,8.1531448364257812,3.22625732421875
355,8.0841598510742188,3.1598281860351562
355.5,8.035614013671875,3.1036148071289062
356,8.08160400390625,3.088287353515625
356.5,8.1761398315429688,3.13427734375
357,8.2706756591796875,3.1291656494140625
357.5,9.5430679321289062,4.5855178833007812
358,10.483306884765625,5.5283126831054688
358.5,10.059173583984375,4.5293045043945312
359,10.856330871582031,4.8767852783203125
359.5,11.732696533203125,5.0403060913085938
360,11.050514221191406,4.0029754638671875
360.5,9.9876327514648438,3.3948822021484375
361,9.2569046020507812,3.0806198120117188
361.5,8.8353271484375,2.8736648559570312
362,8.4367523193359375,2.7331390380859375
362.5,7.9385223388671875,2.5210723876953125
363,7.4888458251953125,2.2579116821289062
363.5,7.3585357666015625,2.0356292724609375
364,8.4393081665039062,2.5849533081054688
364.5,10.020851135253906,3.7193679809570312
365,9.9697494506835938,3.7628021240234375
365.5,9.0065155029296875,3.0116348266601562
366,9.0857162475585938,3.4281005859375
366.5,8.311553955078125,4.8333511352539062
367,5.2813262939453125,3.5124130249023438
367.5,3.8275299072265625,1.1950302124023438
368,6.0784835815429688,1.79034423828125
368.5,8.08160400390625,3.0269622802734375
369,8.2962265014648438,3.2850189208984375
369.5,8.5159530639648438,3.2594680786132812
370,9.0525054931640625,3.4408721923828125
370.5,9.6120529174804688,3.6631622314453125
371,9.7806777954101562,3.7014846801757812
371.5,9.9109878540039062,3.6171722412109375
372,10.115386962890625,3.5737380981445312
372.5,10.299346923828125,3.5992889404296875
373,10.350440979003906,3.6197280883789062
373.5,10.21502685546875,3.491973876953125
374,10.373435974121094,3.5328521728515625
374.5,10.529296875,3.5865097045898438
375,10.447532653808594,3.5251922607421875
375.5,10.393882751464844,3.474090576171875
376,10.340225219726562,3.4306564331054688
376.5,10.309562683105469,3.399993896484375
377,10.774574279785156,3.5813980102539062
377.5,12.108283996582031,4.5088653564453125
378,12.739372253417969,5.1425094604492188
378.5,11.673934936523438,4.2329254150390625
379,10.572731018066406,3.18792724609375
379.5,10.84100341796875,3.33612060546875
380,11.152717590332031,3.5865097045898438
380.5,10.797569274902344,3.3182373046875
381,10.552291870117188,3.0601806640625
381.5,10.536956787109375,3.070404052734375
382,10.490966796875,3.049957275390625
382.5,10.47308349609375,3.0601806640625
383,10.432205200195312,3.00396728515625
383.5,10.631492614746094,3.1470489501953125
384,11.635612487792969,4.135833740234375
384.5,12.261581420898438,4.8895645141601562
385,11.523185729980469,4.1511688232421875
385.5,10.611053466796875,3.1266098022460938
386,10.337669372558594,2.8557815551757812
386.5,10.273796081542969,2.82000732421875
387,10.266128540039062,2.8711090087890625
387.5,10.225250244140625,2.876220703125
388,10.204811096191406,2.8915481567382812
388.5,10.299346923828125,2.9707565307617188
389,10.570175170898438,3.2109222412109375
389.5,10.572731018066406,3.216033935546875
390,10.317230224609375,2.9937515258789062
390.5,10.225250244140625,2.9477615356445312
391,10.273796081542969,3.0525131225585938
391.5,11.206367492675781,4.2993545532226562
392,12.371452331542969,5.87579345703125
392.5,12.034187316894531,5.5385284423828125
393,10.925315856933594,4.0642929077148438
393.5,10.360664367675781,3.2134780883789062
394,10.163932800292969,2.93243408203125
394.5,10.117942810058594,2.876220703125
395,10.074501037597656,2.830230712890625
395.5,10.051506042480469,2.8327865600585938
396,10.312118530273438,3.0525131225585938
396.5,11.139938354492188,3.8675613403320312
397,12.046966552734375,4.9074478149414062
397.5,11.666267395019531,4.5650787353515625
398,10.457756042480469,3.2952423095703125
398.5,9.857330322265625,2.7356948852539062
399,10.296791076660156,3.141937255859375
399.5,11.707145690917969,4.6774978637695312
400,13.1405029296875,6.7751541137695312
400.5,13.035751342773438,7.0485382080078125
401,11.635612487792969,5.3188018798828125
401.5,10.312118530273438,3.658050537109375
402,9.1521530151367188,2.865997314453125
402.5,9.1138229370117188,2.9835281372070312
403,10.6749267578125,4.209930419921875
403.5,11.645828247070312,5.1782760620117188
404,10.636604309082031,4.3836669921875
404.5,9.2517929077148438,3.141937255859375
405,8.5006256103515625,2.4597549438476562
405.5,9.139373779296875,3.3948822021484375
406,11.058181762695312,6.2641525268554688
406.5,12.011192321777344,7.9938888549804688
407,11.748031616210938,6.675506591796875
407.5,10.835891723632812,4.4092178344726562
408,9.6043853759765625,3.2518081665039062
408.5,8.8711013793945312,2.830230712890625
409,9.4970779418945312,2.8532257080078125
409.5,11.040290832519531,3.8164596557617188
410,11.962646484375,4.7413711547851562
410.5,11.157821655273438,3.9850921630859375
411,9.66314697265625,2.7229232788085938
411.5,9.0448379516601562,2.3728866577148438
412,10.421981811523438,3.392333984375
412.5,13.099624633789062,6.2360458374023438
413,14.249374389648438,8.1880645751953125
413.5,13.429222106933594,6.9974365234375
414,12.046966552734375,4.559967041015625
414.5,10.559951782226562,2.9809722900390625
415,9.4842987060546875,2.4546432495117188
415.5,10.54718017578125,3.11639404296875
416,12.910552978515625,4.9355545043945312
416.5,13.654060363769531,5.7454833984375
417,12.481315612792969,4.6110687255859375
417.5,10.634048461914062,3.1138381958007812
418,9.6886978149414062,2.5772857666015625
418.5,11.022407531738281,3.6657180786132812
419,12.678047180175781,5.0224227905273438
419.5,12.274360656738281,4.6749420166015625
420,10.526741027832031,3.2696914672851562
420.5,9.2339096069335938,2.4648666381835938
421,10.082168579101562,3.0244140625
421.5,12.182380676269531,4.6545028686523438
422,12.591178894042969,5.1629486083984375
422.5,11.160377502441406,3.9774246215820312
423,9.5711669921875,2.7714691162109375
423.5,9.6324920654296875,2.72802734375
424,11.530853271484375,4.0464096069335938
424.5,12.534965515136719,4.8614578247070312
425,11.129722595214844,3.7985763549804688
425.5,9.5967178344726562,2.682037353515625
426,10.47308349609375,3.48431396484375
426.5,12.144050598144531,4.9483261108398438
427,11.569175720214844,4.4449920654296875
427.5,9.755126953125,2.8097915649414062
428,9.2390213012695312,2.4367599487304688
428.5,10.856330871582031,3.7755813598632812
429,12.368896484375,5.1348419189453125
429.5,11.433761596679688,4.4552078247070312
430,9.7781219482421875,3.0985031127929688
430.5,10.409210205078125,3.6529388427734375
431,12.200263977050781,5.1910476684570312
431.5,11.443984985351562,4.5522994995117188
432,9.47918701171875,2.8430023193359375
432.5,9.7449111938476562,3.0295181274414062
433,11.804237365722656,4.8052444458007812
433.5,12.578407287597656,5.5921859741210938
434,11.183372497558594,4.22015380859375
434.5,9.5890579223632812,2.738250732421875
435,9.3105621337890625,2.5338516235351562
435.5,10.98919677734375,3.8087921142578125
436,12.698486328125,5.4107818603515625
436.5,12.118507385253906,5.1067352294921875
437,10.411766052246094,3.4945297241210938
437.5,9.47918701171875,2.6692657470703125
438,10.718360900878906,3.9365463256835938
438.5,12.029075622558594,5.2677001953125
439,11.321342468261719,4.5701828002929688
439.5,9.9237594604492188,3.2390289306640625
440,8.8711013793945312,2.3754425048828125
440.5,9.6120529174804688,2.8046798706054688
441,11.525741577148438,4.2712478637695312
441.5,11.983085632324219,4.7694778442382812
442,10.682594299316406,3.640167236328125
442.5,9.3999862670898438,2.536407470703125
443,10.041290283203125,2.9145431518554688
443.5,11.852783203125,4.3070220947265625
444,12.011192321777344,4.6110687255859375
444.5,10.404098510742188,3.3131256103515625
445,9.1521530151367188,2.3396682739257812
445.5,9.875213623046875,2.7586898803710938
446,11.57684326171875,3.9569854736328125
446.5,11.776130676269531,4.3504562377929688
447,10.360664367675781,3.35400390625
447.5,9.1521530151367188,2.4469833374023438
448,9.6529312133789062,2.7535781860351562
448.5,11.262580871582031,3.97998046875
449,11.538520812988281,4.3172378540039062
449.5,10.217582702636719,3.3156814575195312
450,9.0065155029296875,2.4342041015625
450.5,9.379547119140625,2.6028366088867188
451,11.183372497558594,3.8650054931640625
451.5,11.901329040527344,4.5548553466796875
452,10.539512634277344,3.5992889404296875
452.5,9.0806121826171875,2.4853057861328125
453,9.2850112915039062,2.5389633178710938
453.5,10.930427551269531,3.5890655517578125
454,11.990753173828125,4.4782028198242188
454.5,11.058181762695312,3.8854446411132812
455,9.4817428588867188,2.7126998901367188
455.5,8.8225555419921875,2.1914825439453125
456,10.064285278320312,3.0397415161132812
456.5,11.610061645507812,4.4475479125976562
457,10.999412536621094,4.128173828125
457.5,9.2415771484375,2.865997314453125
458,8.1148223876953125,2.3473358154296875
458.5,9.2441329956054688,3.162384033203125
459,11.198707580566406,4.5293045043945312
459.5,11.129722595214844,4.4730987548828125
460,9.5788345336914062,3.2032623291015625
460.5,8.4648513793945312,2.444427490234375
461,9.3514404296875,3.106170654296875
461.5,11.433761596679688,4.7464828491210938
462,11.819572448730469,5.1322860717773438
462.5,10.358108520507812,3.7653579711914062
463,8.8097763061523438,2.5031890869140625
463.5,8.6360397338867188,2.4674224853515625
464,10.539512634277344,3.99786376953125
464.5,11.888557434082031,5.1450576782226562
465,10.904876708984375,4.2967987060546875
465.5,9.1904754638671875,2.8430023193359375
466,8.2578964233398438,2.2093658447265625
466.5,9.11126708984375,2.922210693359375
467,11.180816650390625,4.7234878540039062
467.5,11.791465759277344,5.4261093139648438
468,10.508857727050781,4.0412979125976562
468.5,8.7203521728515625,2.1020584106445312
469,7.7469024658203125,1.2435760498046875
469.5,8.7944488525390625,2.406097412109375
470,10.135826110839844,4.1639404296875
470.5,9.6989212036132812,3.9033279418945312
471,8.26556396484375,2.4878616333007812
471.5,7.6600265502929688,1.9027633666992188
472,8.8966522216796875,2.9554290771484375
472.5,10.163932800292969,4.4526519775390625
473,9.6784820556640625,3.842010498046875
473.5,8.3089981079101562,2.5134124755859375
474,7.4684066772460938,2.0637283325195312
474.5,8.2425689697265625,2.7075881958007812
475,9.7500228881835938,4.3351287841796875
475.5,10.051506042480469,4.49609375
476,9.0908279418945312,3.141937255859375
476.5,7.7903366088867188,2.242584228515625
477,6.9292984008789062,1.8337783813476562
477.5,6.8884201049804688,1.7571334838867188
478,7.1669158935546875,1.9640884399414062
478.5,7.4326324462890625,2.2093658447265625
479,7.5987091064453125,2.2349166870117188
479.5,8.8097763061523438,2.8966598510742188
480,11.344337463378906,4.559967041015625
480.5,12.8466796875,5.9013442993164062
481,12.458320617675781,5.8221359252929688
481.5,10.746467590332031,4.3351287841796875
482,8.8838729858398438,2.7893524169921875
482.5,8.6028213500976562,2.444427490234375
483,10.396430969238281,3.6708221435546875
483.5,12.545188903808594,5.5564193725585938
484,13.78436279296875,6.8006973266601562
484.5,13.217155456542969,6.2769241333007812
485,11.040290832519531,4.2354812622070312
485.5,9.0218429565429688,2.5006332397460938
486,7.7187957763671875,1.7520217895507812
486.5,8.0023956298828125,1.9078750610351562
487,10.337669372558594,3.2875747680664062
487.5,13.194160461425781,5.9882125854492188
488,15.003097534179688,9.0567626953125
488.5,13.403671264648438,8.0986404418945312
489,10.100051879882812,4.4143295288085938
489.5,8.1582565307617188,2.536407470703125
490,6.857757568359375,1.8772125244140625
490.5,6.1883468627929688,1.7239151000976562
491,6.397857666015625,1.8465576171875
491.5,8.909423828125,3.7014846801757812
492,12.11083984375,9.86669921875
492.5,13.78436279296875,19.100471496582031
493,14.645401000976562,26.507415771484375
493.5,15.429786682128906,30.378238677978516
494,16.267822265625,31.413013458251953
494.5,17.338367462158203,32.399246215820312
495,18.948017120361328,36.814285278320312
495.5,21.265403747558594,45.659694671630859
496,21.991024017333984,50.624061584472656
496.5,19.916362762451172,47.374099731445312
497,14.857467651367188,33.998676300048828
497.5,10.082168579101562,16.006362915039062
498,8.9605255126953125,6.2181625366210938
498.5,8.2962265014648438,2.7075881958007812
499,6.5588226318359375,1.2818984985351562
499.5,4.5710372924804688,0.5639495849609375
500,3.288421630859375,0.16025543212890625
500.5,2.4631576538085938,0.0478363037109375
501,1.9879302978515625,0.24456787109375
501.5,2.8924026489257812,3.216033935546875
502,5.87408447265625,22.943191528320312
502.5,11.426101684570312,56.763725280761719
503,16.004657745361328,75.057525634765625
503.5,16.697063446044922,74.155609130859375
504,16.500328063964844,70.443191528320312
504.5,17.054763793945312,68.879531860351562
505,17.369029998779297,68.427299499511719
505.5,14.683723449707031,50.87445068359375
506,9.213470458984375,18.341636657714844
506.5,5.0590362548828125,1.8312225341796875
507,3.5592575073242188,0.48729705810546875
507.5,3.2552108764648438,0.34421539306640625
508,3.3982925415039062,0.6099395751953125
508.5,3.7508773803710938,1.0417327880859375
509,4.51226806640625,1.6114959716796875
509.5,6.436187744140625,2.9247665405273438
510,9.2415771484375,5.1655044555664062
510.5,11.750587463378906,7.9249038696289062
511,13.868682861328125,11.476348876953125
511.5,15.447669982910156,17.181663513183594
512,16.817150115966797,25.830341339111328
512.5,18.511112213134766,34.892925262451172
513,19.809055328369141,41.433723449707031
513.5,18.771724700927734,40.347850799560547
514,14.111404418945312,28.868236541748047
514.5,10.000411987304688,15.421272277832031
515,8.8378829956054688,7.4650039672851562
515.5,8.2706756591796875,3.990203857421875
516,6.9650726318359375,2.334564208984375
516.5,5.5138320922851562,1.5476226806640625
517,4.6476821899414062,0.99318695068359375
517.5,4.0958023071289062,0.5946044921875
518,3.602691650390625,0.37743377685546875
518.5,3.2271041870117188,0.28545379638671875
519,3.132568359375,0.46430206298828125
519.5,3.2603225708007812,1.0059585571289062
520,3.5796966552734375,1.6140518188476562
520.5,4.0012664794921875,2.1250534057617188
521,4.494384765625,2.4853057861328125
521.5,4.852081298828125,2.3166732788085938
522,5.1637954711914062,2.1429367065429688
522.5,5.6313629150390625,2.4035491943359375
523,6.1270294189453125,2.7867965698242188
523.5,6.270111083984375,3.0601806640625
524,6.4872817993164062,3.1547164916992188
524.5,8.3830947875976562,3.7295913696289062
525,9.4485321044921875,4.0923995971679688
525.5,8.3064422607421875,3.41021728515625
526,7.3891983032226562,2.7535781860351562
526.5,6.783660888671875,2.3907699584960938
527,6.2828826904296875,2.08416748046875
527.5,5.9277420043945312,1.782684326171875
528,5.7769927978515625,1.5655059814453125
528.5,6.1346969604492188,1.800567626953125
529,6.6252517700195312,2.2144775390625
529.5,6.86798095703125,2.52618408203125
530,7.0008392333984375,2.71014404296875
530.5,7.0442733764648438,2.7535781860351562
531,7.0544967651367188,2.72802734375
531.5,7.9308624267578125,3.1572723388671875
532,10.319786071777344,5.5487518310546875
532.5,12.851791381835938,9.4400177001953125
533,13.332130432128906,10.25250244140625
533.5,12.067405700683594,7.2810440063476562
534,10.866554260253906,4.4730987548828125
534.5,9.70147705078125,2.9298782348632812
535,8.8889846801757812,2.3831024169921875
535.5,8.6769180297851562,2.3090133666992188
536,8.643707275390625,2.3371124267578125
536.5,8.6692581176757812,2.3677749633789062
537,8.6590347290039062,2.334564208984375
537.5,8.6922531127929688,2.3728866577148438
538,8.679473876953125,2.3677749633789062
538.5,8.6667022705078125,2.3779983520507812
539,8.6360397338867188,2.3550033569335938
539.5,8.605377197265625,2.334564208984375
540,8.5747222900390625,2.3268966674804688
540.5,8.5338363647460938,2.314117431640625
541,8.4904022216796875,2.30645751953125
541.5,8.4725189208984375,2.2860183715820312
542,8.26556396484375,2.1173858642578125
542.5,7.8669815063476562,1.8951034545898438
543,8.2425689697265625,2.89410400390625
543.5,9.5405120849609375,4.5829620361328125
544,10.064285278320312,4.5906219482421875
544.5,9.323333740234375,3.66827392578125
545,8.5312881469726562,3.095947265625
545.5,8.2221298217773438,2.8046798706054688
546,8.1710281372070312,2.7714691162109375
546.5,8.0867156982421875,2.7126998901367188
547,8.0407257080078125,2.6973724365234375
547.5,7.9845123291015625,2.656494140625
548,7.9129714965820312,2.6156082153320312
548.5,7.86187744140625,2.590057373046875
549,7.9921798706054688,2.6845932006835938
549.5,8.44952392578125,3.0244140625
550,8.5287322998046875,3.13427734375
550.5,8.1352615356445312,2.876220703125
551,7.9410781860351562,2.7331390380859375
551.5,7.8848724365234375,2.6999282836914062
552,7.8567657470703125,2.6948165893554688
552.5,8.2170181274414062,2.93243408203125
553,9.2901229858398438,3.8164596557617188
553.5,10.618721008300781,5.5359725952148438
554,11.995864868164062,7.45733642578125
554.5,12.437881469726562,7.8405838012695312
555,11.420989990234375,6.2462692260742188
555.5,10.066841125488281,4.3121337890625
556,8.8787612915039062,3.0269622802734375
556.5,8.3038864135742188,2.5849533081054688
557,8.163360595703125,2.4750823974609375
557.5,8.0049514770507812,2.4188766479492188
558,8.5823822021484375,3.014190673828125
558.5,10.171592712402344,4.4628753662109375
559,10.634048461914062,4.7924728393554688
559.5,9.5941619873046875,3.6963729858398438
560,8.6385955810546875,2.7126998901367188
560.5,7.9180831909179688,2.0713958740234375
561,8.2681198120117188,2.4367599487304688
561.5,10.0872802734375,3.8215713500976562
562,10.488410949707031,3.7730255126953125
562.5,9.213470458984375,2.590057373046875
563,8.5031814575195312,2.222137451171875
